[INFO] Scanning for projects...
[INFO] 
[INFO] ------------------------< com.arjun:job-portal >------------------------
[INFO] Building Job Portal Management System 0.0.1-SNAPSHOT
[INFO]   from pom.xml
[INFO] --------------------------------[ jar ]---------------------------------
[INFO] 
[INFO] >>> spring-boot:3.4.5:run (default-cli) > test-compile @ job-portal >>>
[INFO] 
[INFO] --- resources:3.3.1:resources (default-resources) @ job-portal ---
[INFO] Copying 1 resource from src\main\resources to target\classes
[INFO] Copying 15 resources from src\main\resources to target\classes
[INFO] 
[INFO] --- compiler:3.13.0:compile (default-compile) @ job-portal ---
[INFO] Nothing to compile - all classes are up to date.
[INFO] 
[INFO] --- resources:3.3.1:testResources (default-testResources) @ job-portal ---
[INFO] skip non existing resourceDirectory C:\Users\arjun\OneDrive\Desktop\JoB_ARJ\src\test\resources
[INFO] 
[INFO] --- compiler:3.13.0:testCompile (default-testCompile) @ job-portal ---
[INFO] No sources to compile
[INFO] 
[INFO] <<< spring-boot:3.4.5:run (default-cli) < test-compile @ job-portal <<<
[INFO] 
[INFO] 
[INFO] --- spring-boot:3.4.5:run (default-cli) @ job-portal ---
[INFO] Attaching agents: []

  .   ____          _            __ _ _
 /\\ / ___'_ __ _ _(_)_ __  __ _ \ \ \ \
( ( )\___ | '_ | '_| | '_ \/ _` | \ \ \ \
 \\/  ___)| |_)| | | | | || (_| |  ) ) ) )
  '  |____| .__|_| |_|_| |_\__, | / / / /
 =========|_|==============|___/=/_/_/_/

 :: Spring Boot ::                (v3.4.5)

2026-05-05T20:10:43.902+05:30  INFO 48328 --- [Job Portal Management System] [  restartedMain] c.arjun.jobportal.JobPortalApplication   : Starting JobPortalApplication using Java 25.0.2 with PID 48328 (C:\Users\arjun\OneDrive\Desktop\JoB_ARJ\target\classes started by arjun in C:\Users\arjun\OneDrive\Desktop\JoB_ARJ)
2026-05-05T20:10:43.903+05:30  INFO 48328 --- [Job Portal Management System] [  restartedMain] c.arjun.jobportal.JobPortalApplication   : No active profile set, falling back to 1 default profile: "default"
2026-05-05T20:10:43.904+05:30 DEBUG 48328 --- [Job Portal Management System] [  restartedMain] o.s.boot.SpringApplication               : Loading source class com.arjun.jobportal.JobPortalApplication
2026-05-05T20:10:43.937+05:30 DEBUG 48328 --- [Job Portal Management System] [  restartedMain] o.s.b.devtools.restart.ChangeableUrls    : Matching URLs for reloading : [file:/C:/Users/arjun/OneDrive/Desktop/JoB_ARJ/target/classes/]
2026-05-05T20:10:43.938+05:30 DEBUG 48328 --- [Job Portal Management System] [  restartedMain] o.s.b.d.settings.DevToolsSettings        : Included patterns for restart : []
2026-05-05T20:10:43.938+05:30 DEBUG 48328 --- [Job Portal Management System] [  restartedMain] o.s.b.d.settings.DevToolsSettings        : Excluded patterns for restart : [/spring-boot-starter-[\w-]+/, /spring-boot/(bin|build|out)/, /spring-boot-starter/(bin|build|out)/, /spring-boot-devtools/(bin|build|out)/, /spring-boot-actuator/(bin|build|out)/, /spring-boot-autoconfigure/(bin|build|out)/]
2026-05-05T20:10:43.938+05:30  INFO 48328 --- [Job Portal Management System] [  restartedMain] .e.DevToolsPropertyDefaultsPostProcessor : Devtools property defaults active! Set 'spring.devtools.add-properties' to 'false' to disable
2026-05-05T20:10:43.938+05:30  INFO 48328 --- [Job Portal Management System] [  restartedMain] .e.DevToolsPropertyDefaultsPostProcessor : For additional web related logging consider setting the 'logging.level.web' property to 'DEBUG'
2026-05-05T20:10:43.939+05:30 DEBUG 48328 --- [Job Portal Management System] [  restartedMain] ConfigServletWebServerApplicationContext : Refreshing org.springframework.boot.web.servlet.context.AnnotationConfigServletWebServerApplicationContext@1074b480
2026-05-05T20:10:44.478+05:30  INFO 48328 --- [Job Portal Management System] [  restartedMain] .s.d.r.c.RepositoryConfigurationDelegate : Bootstrapping Spring Data JPA repositories in DEFAULT mode.
2026-05-05T20:10:44.497+05:30 DEBUG 48328 --- [Job Portal Management System] [  restartedMain] o.s.b.a.AutoConfigurationPackages        : @EnableAutoConfiguration was declared on a class in the package 'com.arjun.jobportal'. Automatic @Repository and @Entity scanning is enabled.
2026-05-05T20:10:44.532+05:30  INFO 48328 --- [Job Portal Management System] [  restartedMain] .s.d.r.c.RepositoryConfigurationDelegate : Finished Spring Data repository scanning in 48 ms. Found 3 JPA repository interfaces.
2026-05-05T20:10:44.955+05:30 DEBUG 48328 --- [Job Portal Management System] [  restartedMain] .s.b.w.e.t.TomcatServletWebServerFactory : Code archive: C:\Users\arjun\.m2\repository\org\springframework\boot\spring-boot\3.4.5\spring-boot-3.4.5.jar
2026-05-05T20:10:44.955+05:30 DEBUG 48328 --- [Job Portal Management System] [  restartedMain] .s.b.w.e.t.TomcatServletWebServerFactory : Code archive: C:\Users\arjun\.m2\repository\org\springframework\boot\spring-boot\3.4.5\spring-boot-3.4.5.jar
2026-05-05T20:10:44.956+05:30 DEBUG 48328 --- [Job Portal Management System] [  restartedMain] .s.b.w.e.t.TomcatServletWebServerFactory : None of the document roots [src/main/webapp, public, static] point to a directory and will be ignored.
2026-05-05T20:10:44.998+05:30  INFO 48328 --- [Job Portal Management System] [  restartedMain] o.s.b.w.embedded.tomcat.TomcatWebServer  : Tomcat initialized with port 8080 (http)
2026-05-05T20:10:45.010+05:30  INFO 48328 --- [Job Portal Management System] [  restartedMain] o.apache.catalina.core.StandardService   : Starting service [Tomcat]
2026-05-05T20:10:45.010+05:30  INFO 48328 --- [Job Portal Management System] [  restartedMain] o.apache.catalina.core.StandardEngine    : Starting Servlet engine: [Apache Tomcat/10.1.40]
2026-05-05T20:10:45.043+05:30  INFO 48328 --- [Job Portal Management System] [  restartedMain] o.a.c.c.C.[Tomcat].[localhost].[/]       : Initializing Spring embedded WebApplicationContext
2026-05-05T20:10:45.043+05:30 DEBUG 48328 --- [Job Portal Management System] [  restartedMain] w.s.c.ServletWebServerApplicationContext : Published root WebApplicationContext as ServletContext attribute with name [org.springframework.web.context.WebApplicationContext.ROOT]
2026-05-05T20:10:45.044+05:30  INFO 48328 --- [Job Portal Management System] [  restartedMain] w.s.c.ServletWebServerApplicationContext : Root WebApplicationContext: initialization completed in 1105 ms
2026-05-05T20:10:45.058+05:30 DEBUG 48328 --- [Job Portal Management System] [  restartedMain] o.s.b.w.s.ServletContextInitializerBeans : Mapping filters: springSecurityFilterChain urls=[/*] order=-100, characterEncodingFilter urls=[/*] order=-2147483648, formContentFilter urls=[/*] order=-9900, requestContextFilter urls=[/*] order=-105
2026-05-05T20:10:45.058+05:30 DEBUG 48328 --- [Job Portal Management System] [  restartedMain] o.s.b.w.s.ServletContextInitializerBeans : Mapping servlets: dispatcherServlet urls=[/]
2026-05-05T20:10:45.077+05:30 DEBUG 48328 --- [Job Portal Management System] [  restartedMain] o.s.b.w.s.f.OrderedRequestContextFilter  : Filter 'requestContextFilter' configured for use
2026-05-05T20:10:45.078+05:30 DEBUG 48328 --- [Job Portal Management System] [  restartedMain] s.b.w.s.f.OrderedCharacterEncodingFilter : Filter 'characterEncodingFilter' configured for use
2026-05-05T20:10:45.079+05:30 DEBUG 48328 --- [Job Portal Management System] [  restartedMain] .DelegatingFilterProxyRegistrationBean$1 : Filter 'springSecurityFilterChain' configured for use
2026-05-05T20:10:45.079+05:30 DEBUG 48328 --- [Job Portal Management System] [  restartedMain] o.s.b.w.s.f.OrderedFormContentFilter     : Filter 'formContentFilter' configured for use
2026-05-05T20:10:45.167+05:30  INFO 48328 --- [Job Portal Management System] [  restartedMain] o.hibernate.jpa.internal.util.LogHelper  : HHH000204: Processing PersistenceUnitInfo [name: default]
2026-05-05T20:10:45.217+05:30  INFO 48328 --- [Job Portal Management System] [  restartedMain] org.hibernate.Version                    : HHH000412: Hibernate ORM core version 6.6.13.Final
2026-05-05T20:10:45.245+05:30  INFO 48328 --- [Job Portal Management System] [  restartedMain] o.h.c.internal.RegionFactoryInitiator    : HHH000026: Second-level cache disabled
2026-05-05T20:10:45.469+05:30  INFO 48328 --- [Job Portal Management System] [  restartedMain] o.s.o.j.p.SpringPersistenceUnitInfo      : No LoadTimeWeaver setup: ignoring JPA class transformer
2026-05-05T20:10:45.500+05:30  INFO 48328 --- [Job Portal Management System] [  restartedMain] com.zaxxer.hikari.HikariDataSource       : HikariPool-1 - Starting...
2026-05-05T20:10:45.626+05:30  INFO 48328 --- [Job Portal Management System] [  restartedMain] com.zaxxer.hikari.pool.HikariPool        : HikariPool-1 - Added connection com.mysql.cj.jdbc.ConnectionImpl@29826d65
2026-05-05T20:10:45.628+05:30  INFO 48328 --- [Job Portal Management System] [  restartedMain] com.zaxxer.hikari.HikariDataSource       : HikariPool-1 - Start completed.
2026-05-05T20:10:45.668+05:30  WARN 48328 --- [Job Portal Management System] [  restartedMain] org.hibernate.dialect.Dialect            : HHH000511: The 5.5.5 version for [org.hibernate.dialect.MySQLDialect] is no longer supported, hence certain features may not work properly. The minimum supported version is 8.0.0. Check the community dialects project for available legacy versions.
2026-05-05T20:10:45.684+05:30  INFO 48328 --- [Job Portal Management System] [  restartedMain] org.hibernate.orm.connections.pooling    : HHH10001005: Database info:
	Database JDBC URL [Connecting through datasource 'HikariDataSource (HikariPool-1)']
	Database driver: undefined/unknown
	Database version: 5.5.5
	Autocommit mode: undefined/unknown
	Isolation level: undefined/unknown
	Minimum pool size: undefined/unknown
	Maximum pool size: undefined/unknown
2026-05-05T20:10:46.487+05:30  INFO 48328 --- [Job Portal Management System] [  restartedMain] o.h.e.t.j.p.i.JtaPlatformInitiator       : HHH000489: No JTA platform available (set 'hibernate.transaction.jta.platform' to enable JTA platform integration)
2026-05-05T20:10:50.573+05:30  INFO 48328 --- [Job Portal Management System] [  restartedMain] j.LocalContainerEntityManagerFactoryBean : Initialized JPA EntityManagerFactory for persistence unit 'default'
2026-05-05T20:10:51.059+05:30  INFO 48328 --- [Job Portal Management System] [  restartedMain] o.s.d.j.r.query.QueryEnhancerFactory     : Hibernate is in classpath; If applicable, HQL parser will be used.
2026-05-05T20:10:53.160+05:30  WARN 48328 --- [Job Portal Management System] [  restartedMain] JpaBaseConfiguration$JpaWebConfiguration : spring.jpa.open-in-view is enabled by default. Therefore, database queries may be performed during view rendering. Explicitly configure spring.jpa.open-in-view to disable this warning
2026-05-05T20:10:53.197+05:30  INFO 48328 --- [Job Portal Management System] [  restartedMain] eAuthenticationProviderManagerConfigurer : Global AuthenticationManager configured with AuthenticationProvider bean with name authenticationProvider
2026-05-05T20:10:53.199+05:30  WARN 48328 --- [Job Portal Management System] [  restartedMain] r$InitializeUserDetailsManagerConfigurer : Global AuthenticationManager configured with an AuthenticationProvider bean. UserDetailsService beans will not be used by Spring Security for automatically configuring username/password login. Consider removing the AuthenticationProvider bean. Alternatively, consider using the UserDetailsService in a manually instantiated DaoAuthenticationProvider. If the current configuration is intentional, to turn off this warning, increase the logging level of 'org.springframework.security.config.annotation.authentication.configuration.InitializeUserDetailsBeanManagerConfigurer' to ERROR
2026-05-05T20:10:53.426+05:30 DEBUG 48328 --- [Job Portal Management System] [  restartedMain] s.w.s.m.m.a.RequestMappingHandlerMapping : 27 mappings in 'requestMappingHandlerMapping'
2026-05-05T20:10:53.476+05:30 DEBUG 48328 --- [Job Portal Management System] [  restartedMain] o.s.w.s.handler.SimpleUrlHandlerMapping  : Patterns [/webjars/**, /**] in 'resourceHandlerMapping'
2026-05-05T20:10:53.638+05:30 DEBUG 48328 --- [Job Portal Management System] [  restartedMain] s.w.s.m.m.a.RequestMappingHandlerAdapter : ControllerAdvice beans: 0 @ModelAttribute, 0 @InitBinder, 1 RequestBodyAdvice, 1 ResponseBodyAdvice
2026-05-05T20:10:53.732+05:30 DEBUG 48328 --- [Job Portal Management System] [  restartedMain] .m.m.a.ExceptionHandlerExceptionResolver : ControllerAdvice beans: 1 @ExceptionHandler, 1 ResponseBodyAdvice
2026-05-05T20:10:53.864+05:30 DEBUG 48328 --- [Job Portal Management System] [  restartedMain] o.s.b.d.livereload.LiveReloadServer      : Starting live reload server on port 35729
2026-05-05T20:10:53.866+05:30  INFO 48328 --- [Job Portal Management System] [  restartedMain] o.s.b.d.a.OptionalLiveReloadServer       : LiveReload server is running on port 35729
2026-05-05T20:10:53.890+05:30  INFO 48328 --- [Job Portal Management System] [  restartedMain] o.s.b.w.embedded.tomcat.TomcatWebServer  : Tomcat started on port 8080 (http) with context path '/'
2026-05-05T20:10:53.903+05:30 DEBUG 48328 --- [Job Portal Management System] [  restartedMain] .s.b.a.l.ConditionEvaluationReportLogger : 


============================
CONDITIONS EVALUATION REPORT
============================


Positive matches:
-----------------

   AopAutoConfiguration matched:
      - @ConditionalOnProperty (spring.aop.auto=true) matched (OnPropertyCondition)

   AopAutoConfiguration.AspectJAutoProxyingConfiguration matched:
      - @ConditionalOnClass found required class 'org.aspectj.weaver.Advice' (OnClassCondition)

   AopAutoConfiguration.AspectJAutoProxyingConfiguration.CglibAutoProxyConfiguration matched:
      - @ConditionalOnProperty (spring.aop.proxy-target-class=true) matched (OnPropertyCondition)

   ApplicationAvailabilityAutoConfiguration#applicationAvailability matched:
      - @ConditionalOnMissingBean (types: org.springframework.boot.availability.ApplicationAvailability; SearchStrategy: all) did not find any beans (OnBeanCondition)

   DataSourceAutoConfiguration matched:
      - @ConditionalOnClass found required classes 'javax.sql.DataSource', 'org.springframework.jdbc.datasource.embedded.EmbeddedDatabaseType' (OnClassCondition)
      - @ConditionalOnMissingBean (types: io.r2dbc.spi.ConnectionFactory; SearchStrategy: all) did not find any beans (OnBeanCondition)

   DataSourceAutoConfiguration.PooledDataSourceConfiguration matched:
      - AnyNestedCondition 1 matched 1 did not; NestedCondition on DataSourceAutoConfiguration.PooledDataSourceCondition.PooledDataSourceAvailable PooledDataSource found supported DataSource; NestedCondition on DataSourceAutoConfiguration.PooledDataSourceCondition.ExplicitType @ConditionalOnProperty (spring.datasource.type) did not find property 'type' (DataSourceAutoConfiguration.PooledDataSourceCondition)
      - @ConditionalOnMissingBean (types: javax.sql.DataSource,javax.sql.XADataSource; SearchStrategy: all) did not find any beans (OnBeanCondition)

   DataSourceAutoConfiguration.PooledDataSourceConfiguration#jdbcConnectionDetails matched:
      - @ConditionalOnMissingBean (types: org.springframework.boot.autoconfigure.jdbc.JdbcConnectionDetails; SearchStrategy: all) did not find any beans (OnBeanCondition)

   DataSourceConfiguration.Hikari matched:
      - @ConditionalOnClass found required class 'com.zaxxer.hikari.HikariDataSource' (OnClassCondition)
      - @ConditionalOnProperty (spring.datasource.type=com.zaxxer.hikari.HikariDataSource) matched (OnPropertyCondition)
      - @ConditionalOnMissingBean (types: javax.sql.DataSource; SearchStrategy: all) did not find any beans (OnBeanCondition)

   DataSourceInitializationConfiguration matched:
      - @ConditionalOnClass found required class 'org.springframework.jdbc.datasource.init.DatabasePopulator' (OnClassCondition)
      - @ConditionalOnSingleCandidate (types: javax.sql.DataSource; SearchStrategy: all) found a single bean 'dataSource'; @ConditionalOnMissingBean (types: org.springframework.boot.autoconfigure.sql.init.SqlDataSourceScriptDatabaseInitializer,org.springframework.boot.autoconfigure.sql.init.SqlR2dbcScriptDatabaseInitializer; SearchStrategy: all) did not find any beans (OnBeanCondition)

   DataSourceJmxConfiguration matched:
      - @ConditionalOnProperty (spring.jmx.enabled=true) matched (OnPropertyCondition)

   DataSourceJmxConfiguration.Hikari matched:
      - @ConditionalOnClass found required class 'com.zaxxer.hikari.HikariDataSource' (OnClassCondition)
      - @ConditionalOnSingleCandidate (types: javax.sql.DataSource; SearchStrategy: all) found a single bean 'dataSource' (OnBeanCondition)

   DataSourcePoolMetadataProvidersConfiguration.HikariPoolDataSourceMetadataProviderConfiguration matched:
      - @ConditionalOnClass found required class 'com.zaxxer.hikari.HikariDataSource' (OnClassCondition)

   DataSourceTransactionManagerAutoConfiguration matched:
      - @ConditionalOnClass found required classes 'javax.sql.DataSource', 'org.springframework.jdbc.core.JdbcTemplate', 'org.springframework.transaction.TransactionManager' (OnClassCondition)

   DataSourceTransactionManagerAutoConfiguration.JdbcTransactionManagerConfiguration matched:
      - @ConditionalOnSingleCandidate (types: javax.sql.DataSource; SearchStrategy: all) found a single bean 'dataSource' (OnBeanCondition)

   DevToolsDataSourceAutoConfiguration matched:
      - @ConditionalOnClass found required class 'javax.sql.DataSource' (OnClassCondition)
      - Devtools devtools enabled. (OnEnabledDevToolsCondition)
      - DevTools DataSource Condition found auto-configured DataSource (DevToolsDataSourceAutoConfiguration.DevToolsDataSourceCondition)

   DevToolsDataSourceAutoConfiguration.DatabaseShutdownExecutorEntityManagerFactoryDependsOnPostProcessor matched:
      - @ConditionalOnClass found required class 'org.springframework.orm.jpa.LocalContainerEntityManagerFactoryBean' (OnClassCondition)
      - @ConditionalOnBean (types: org.springframework.orm.jpa.AbstractEntityManagerFactoryBean; SearchStrategy: all) found bean '&entityManagerFactory' (OnBeanCondition)

   DispatcherServletAutoConfiguration matched:
      - @ConditionalOnClass found required class 'org.springframework.web.servlet.DispatcherServlet' (OnClassCondition)
      - found 'session' scope (OnWebApplicationCondition)

   DispatcherServletAutoConfiguration.DispatcherServletConfiguration matched:
      - @ConditionalOnClass found required class 'jakarta.servlet.ServletRegistration' (OnClassCondition)
      - Default DispatcherServlet did not find dispatcher servlet beans (DispatcherServletAutoConfiguration.DefaultDispatcherServletCondition)

   DispatcherServletAutoConfiguration.DispatcherServletRegistrationConfiguration matched:
      - @ConditionalOnClass found required class 'jakarta.servlet.ServletRegistration' (OnClassCondition)
      - DispatcherServlet Registration did not find servlet registration bean (DispatcherServletAutoConfiguration.DispatcherServletRegistrationCondition)

   DispatcherServletAutoConfiguration.DispatcherServletRegistrationConfiguration#dispatcherServletRegistration matched:
      - @ConditionalOnBean (names: dispatcherServlet types: org.springframework.web.servlet.DispatcherServlet; SearchStrategy: all) found bean 'dispatcherServlet' (OnBeanCondition)

   EmbeddedWebServerFactoryCustomizerAutoConfiguration matched:
      - @ConditionalOnWebApplication (required) found 'session' scope (OnWebApplicationCondition)
      - @ConditionalOnWarDeployment the application is not deployed as a WAR file. (OnWarDeploymentCondition)

   EmbeddedWebServerFactoryCustomizerAutoConfiguration.TomcatWebServerFactoryCustomizerConfiguration matched:
      - @ConditionalOnClass found required classes 'org.apache.catalina.startup.Tomcat', 'org.apache.coyote.UpgradeProtocol' (OnClassCondition)

   ErrorMvcAutoConfiguration matched:
      - @ConditionalOnClass found required classes 'jakarta.servlet.Servlet', 'org.springframework.web.servlet.DispatcherServlet' (OnClassCondition)
      - found 'session' scope (OnWebApplicationCondition)

   ErrorMvcAutoConfiguration#basicErrorController matched:
      - @ConditionalOnMissingBean (types: org.springframework.boot.web.servlet.error.ErrorController; SearchStrategy: current) did not find any beans (OnBeanCondition)

   ErrorMvcAutoConfiguration#errorAttributes matched:
      - @ConditionalOnMissingBean (types: org.springframework.boot.web.servlet.error.ErrorAttributes; SearchStrategy: current) did not find any beans (OnBeanCondition)

   ErrorMvcAutoConfiguration.DefaultErrorViewResolverConfiguration#conventionErrorViewResolver matched:
      - @ConditionalOnBean (types: org.springframework.web.servlet.DispatcherServlet; SearchStrategy: all) found bean 'dispatcherServlet'; @ConditionalOnMissingBean (types: org.springframework.boot.autoconfigure.web.servlet.error.ErrorViewResolver; SearchStrategy: all) did not find any beans (OnBeanCondition)

   GenericCacheConfiguration matched:
      - Cache org.springframework.boot.autoconfigure.cache.GenericCacheConfiguration automatic cache type (CacheCondition)

   HibernateJpaAutoConfiguration matched:
      - @ConditionalOnClass found required classes 'org.springframework.orm.jpa.LocalContainerEntityManagerFactoryBean', 'jakarta.persistence.EntityManager', 'org.hibernate.engine.spi.SessionImplementor' (OnClassCondition)

   HibernateJpaConfiguration matched:
      - @ConditionalOnSingleCandidate (types: javax.sql.DataSource; SearchStrategy: all) found a single bean 'dataSource' (OnBeanCondition)

   HttpClientAutoConfiguration matched:
      - @ConditionalOnClass found required class 'org.springframework.http.client.ClientHttpRequestFactory' (OnClassCondition)
      - NoneNestedConditions 0 matched 1 did not; NestedCondition on NotReactiveWebApplicationCondition.ReactiveWebApplication did not find reactive web application classes (NotReactiveWebApplicationCondition)

   HttpClientAutoConfiguration#clientHttpRequestFactoryBuilder matched:
      - @ConditionalOnMissingBean (types: org.springframework.boot.http.client.ClientHttpRequestFactoryBuilder; SearchStrategy: all) did not find any beans (OnBeanCondition)

   HttpClientAutoConfiguration#clientHttpRequestFactorySettings matched:
      - @ConditionalOnMissingBean (types: org.springframework.boot.http.client.ClientHttpRequestFactorySettings; SearchStrategy: all) did not find any beans (OnBeanCondition)

   HttpEncodingAutoConfiguration matched:
      - @ConditionalOnClass found required class 'org.springframework.web.filter.CharacterEncodingFilter' (OnClassCondition)
      - found 'session' scope (OnWebApplicationCondition)
      - @ConditionalOnProperty (server.servlet.encoding.enabled) matched (OnPropertyCondition)

   HttpEncodingAutoConfiguration#characterEncodingFilter matched:
      - @ConditionalOnMissingBean (types: org.springframework.web.filter.CharacterEncodingFilter; SearchStrategy: all) did not find any beans (OnBeanCondition)

   HttpMessageConvertersAutoConfiguration matched:
      - @ConditionalOnClass found required class 'org.springframework.http.converter.HttpMessageConverter' (OnClassCondition)
      - NoneNestedConditions 0 matched 1 did not; NestedCondition on HttpMessageConvertersAutoConfiguration.NotReactiveWebApplicationCondition.ReactiveWebApplication did not find reactive web application classes (HttpMessageConvertersAutoConfiguration.NotReactiveWebApplicationCondition)

   HttpMessageConvertersAutoConfiguration#messageConverters matched:
      - @ConditionalOnMissingBean (types: org.springframework.boot.autoconfigure.http.HttpMessageConverters; SearchStrategy: all) did not find any beans (OnBeanCondition)

   HttpMessageConvertersAutoConfiguration.StringHttpMessageConverterConfiguration matched:
      - @ConditionalOnClass found required class 'org.springframework.http.converter.StringHttpMessageConverter' (OnClassCondition)

   HttpMessageConvertersAutoConfiguration.StringHttpMessageConverterConfiguration#stringHttpMessageConverter matched:
      - @ConditionalOnMissingBean (types: org.springframework.http.converter.StringHttpMessageConverter; SearchStrategy: all) did not find any beans (OnBeanCondition)

   JacksonAutoConfiguration matched:
      - @ConditionalOnClass found required class 'com.fasterxml.jackson.databind.ObjectMapper' (OnClassCondition)

   JacksonAutoConfiguration.Jackson2ObjectMapperBuilderCustomizerConfiguration matched:
      - @ConditionalOnClass found required class 'org.springframework.http.converter.json.Jackson2ObjectMapperBuilder' (OnClassCondition)

   JacksonAutoConfiguration.JacksonObjectMapperBuilderConfiguration matched:
      - @ConditionalOnClass found required class 'org.springframework.http.converter.json.Jackson2ObjectMapperBuilder' (OnClassCondition)

   JacksonAutoConfiguration.JacksonObjectMapperBuilderConfiguration#jacksonObjectMapperBuilder matched:
      - @ConditionalOnMissingBean (types: org.springframework.http.converter.json.Jackson2ObjectMapperBuilder; SearchStrategy: all) did not find any beans (OnBeanCondition)

   JacksonAutoConfiguration.JacksonObjectMapperConfiguration matched:
      - @ConditionalOnClass found required class 'org.springframework.http.converter.json.Jackson2ObjectMapperBuilder' (OnClassCondition)

   JacksonAutoConfiguration.JacksonObjectMapperConfiguration#jacksonObjectMapper matched:
      - @ConditionalOnMissingBean (types: com.fasterxml.jackson.databind.ObjectMapper; SearchStrategy: all) did not find any beans (OnBeanCondition)

   JacksonAutoConfiguration.ParameterNamesModuleConfiguration matched:
      - @ConditionalOnClass found required class 'com.fasterxml.jackson.module.paramnames.ParameterNamesModule' (OnClassCondition)

   JacksonAutoConfiguration.ParameterNamesModuleConfiguration#parameterNamesModule matched:
      - @ConditionalOnMissingBean (types: com.fasterxml.jackson.module.paramnames.ParameterNamesModule; SearchStrategy: all) did not find any beans (OnBeanCondition)

   JacksonHttpMessageConvertersConfiguration.MappingJackson2HttpMessageConverterConfiguration matched:
      - @ConditionalOnClass found required class 'com.fasterxml.jackson.databind.ObjectMapper' (OnClassCondition)
      - @ConditionalOnProperty (spring.mvc.converters.preferred-json-mapper=jackson) matched (OnPropertyCondition)
      - @ConditionalOnBean (types: com.fasterxml.jackson.databind.ObjectMapper; SearchStrategy: all) found bean 'jacksonObjectMapper' (OnBeanCondition)

   JacksonHttpMessageConvertersConfiguration.MappingJackson2HttpMessageConverterConfiguration#mappingJackson2HttpMessageConverter matched:
      - @ConditionalOnMissingBean (types: org.springframework.http.converter.json.MappingJackson2HttpMessageConverter ignored: org.springframework.hateoas.server.mvc.TypeConstrainedMappingJackson2HttpMessageConverter,org.springframework.data.rest.webmvc.alps.AlpsJsonHttpMessageConverter; SearchStrategy: all) did not find any beans (OnBeanCondition)

   JdbcClientAutoConfiguration matched:
      - @ConditionalOnSingleCandidate (types: org.springframework.jdbc.core.namedparam.NamedParameterJdbcTemplate; SearchStrategy: all) found a single bean 'namedParameterJdbcTemplate'; @ConditionalOnMissingBean (types: org.springframework.jdbc.core.simple.JdbcClient; SearchStrategy: all) did not find any beans (OnBeanCondition)

   JdbcTemplateAutoConfiguration matched:
      - @ConditionalOnClass found required classes 'javax.sql.DataSource', 'org.springframework.jdbc.core.JdbcTemplate' (OnClassCondition)
      - @ConditionalOnSingleCandidate (types: javax.sql.DataSource; SearchStrategy: all) found a single bean 'dataSource' (OnBeanCondition)

   JdbcTemplateConfiguration matched:
      - @ConditionalOnMissingBean (types: org.springframework.jdbc.core.JdbcOperations; SearchStrategy: all) did not find any beans (OnBeanCondition)

   JpaBaseConfiguration#entityManagerFactory matched:
      - @ConditionalOnMissingBean (types: org.springframework.orm.jpa.LocalContainerEntityManagerFactoryBean,jakarta.persistence.EntityManagerFactory; SearchStrategy: all) did not find any beans (OnBeanCondition)

   JpaBaseConfiguration#entityManagerFactoryBuilder matched:
      - @ConditionalOnMissingBean (types: org.springframework.boot.orm.jpa.EntityManagerFactoryBuilder; SearchStrategy: all) did not find any beans (OnBeanCondition)

   JpaBaseConfiguration#jpaVendorAdapter matched:
      - @ConditionalOnMissingBean (types: org.springframework.orm.jpa.JpaVendorAdapter; SearchStrategy: all) did not find any beans (OnBeanCondition)

   JpaBaseConfiguration#transactionManager matched:
      - @ConditionalOnMissingBean (types: org.springframework.transaction.TransactionManager; SearchStrategy: all) did not find any beans (OnBeanCondition)

   JpaBaseConfiguration.JpaWebConfiguration matched:
      - @ConditionalOnClass found required class 'org.springframework.web.servlet.config.annotation.WebMvcConfigurer' (OnClassCondition)
      - found 'session' scope (OnWebApplicationCondition)
      - @ConditionalOnProperty (spring.jpa.open-in-view=true) matched (OnPropertyCondition)
      - @ConditionalOnMissingBean (types: org.springframework.orm.jpa.support.OpenEntityManagerInViewInterceptor,org.springframework.orm.jpa.support.OpenEntityManagerInViewFilter; SearchStrategy: all) did not find any beans (OnBeanCondition)

   JpaBaseConfiguration.PersistenceManagedTypesConfiguration matched:
      - @ConditionalOnMissingBean (types: org.springframework.orm.jpa.LocalContainerEntityManagerFactoryBean,jakarta.persistence.EntityManagerFactory; SearchStrategy: all) did not find any beans (OnBeanCondition)

   JpaBaseConfiguration.PersistenceManagedTypesConfiguration#persistenceManagedTypes matched:
      - @ConditionalOnMissingBean (types: org.springframework.orm.jpa.persistenceunit.PersistenceManagedTypes; SearchStrategy: all) did not find any beans (OnBeanCondition)

   JpaRepositoriesAutoConfiguration matched:
      - @ConditionalOnClass found required class 'org.springframework.data.jpa.repository.JpaRepository' (OnClassCondition)
      - @ConditionalOnProperty (spring.data.jpa.repositories.enabled=true) matched (OnPropertyCondition)
      - @ConditionalOnBean (types: javax.sql.DataSource; SearchStrategy: all) found bean 'dataSource'; @ConditionalOnMissingBean (types: org.springframework.data.jpa.repository.support.JpaRepositoryFactoryBean,org.springframework.data.jpa.repository.config.JpaRepositoryConfigExtension; SearchStrategy: all) did not find any beans (OnBeanCondition)

   JtaAutoConfiguration matched:
      - @ConditionalOnClass found required class 'jakarta.transaction.Transaction' (OnClassCondition)
      - @ConditionalOnProperty (spring.jta.enabled) matched (OnPropertyCondition)

   LifecycleAutoConfiguration#defaultLifecycleProcessor matched:
      - @ConditionalOnMissingBean (names: lifecycleProcessor; SearchStrategy: current) did not find any beans (OnBeanCondition)

   LocalDevToolsAutoConfiguration matched:
      - Initialized Restarter Condition available and initialized (OnInitializedRestarterCondition)

   LocalDevToolsAutoConfiguration.LiveReloadConfiguration matched:
      - @ConditionalOnProperty (spring.devtools.livereload.enabled) matched (OnPropertyCondition)

   LocalDevToolsAutoConfiguration.LiveReloadConfiguration#liveReloadServer matched:
      - @ConditionalOnMissingBean (types: org.springframework.boot.devtools.livereload.LiveReloadServer; SearchStrategy: all) did not find any beans (OnBeanCondition)

   LocalDevToolsAutoConfiguration.RestartConfiguration matched:
      - @ConditionalOnProperty (spring.devtools.restart.enabled) matched (OnPropertyCondition)

   LocalDevToolsAutoConfiguration.RestartConfiguration#classPathFileSystemWatcher matched:
      - @ConditionalOnMissingBean (types: org.springframework.boot.devtools.classpath.ClassPathFileSystemWatcher; SearchStrategy: all) did not find any beans (OnBeanCondition)

   LocalDevToolsAutoConfiguration.RestartConfiguration#classPathRestartStrategy matched:
      - @ConditionalOnMissingBean (types: org.springframework.boot.devtools.classpath.ClassPathRestartStrategy; SearchStrategy: all) did not find any beans (OnBeanCondition)

   LocalDevToolsAutoConfiguration.RestartConfiguration#conditionEvaluationDeltaLoggingListener matched:
      - @ConditionalOnProperty (spring.devtools.restart.log-condition-evaluation-delta) matched (OnPropertyCondition)

   MultipartAutoConfiguration matched:
      - @ConditionalOnClass found required classes 'jakarta.servlet.Servlet', 'org.springframework.web.multipart.support.StandardServletMultipartResolver', 'jakarta.servlet.MultipartConfigElement' (OnClassCondition)
      - found 'session' scope (OnWebApplicationCondition)
      - @ConditionalOnProperty (spring.servlet.multipart.enabled) matched (OnPropertyCondition)

   MultipartAutoConfiguration#multipartConfigElement matched:
      - @ConditionalOnMissingBean (types: jakarta.servlet.MultipartConfigElement; SearchStrategy: all) did not find any beans (OnBeanCondition)

   MultipartAutoConfiguration#multipartResolver matched:
      - @ConditionalOnMissingBean (types: org.springframework.web.multipart.MultipartResolver; SearchStrategy: all) did not find any beans (OnBeanCondition)

   NamedParameterJdbcTemplateConfiguration matched:
      - @ConditionalOnSingleCandidate (types: org.springframework.jdbc.core.JdbcTemplate; SearchStrategy: all) found a single bean 'jdbcTemplate'; @ConditionalOnMissingBean (types: org.springframework.jdbc.core.namedparam.NamedParameterJdbcOperations; SearchStrategy: all) did not find any beans (OnBeanCondition)

   NoOpCacheConfiguration matched:
      - Cache org.springframework.boot.autoconfigure.cache.NoOpCacheConfiguration automatic cache type (CacheCondition)

   PersistenceExceptionTranslationAutoConfiguration matched:
      - @ConditionalOnClass found required class 'org.springframework.dao.annotation.PersistenceExceptionTranslationPostProcessor' (OnClassCondition)

   PersistenceExceptionTranslationAutoConfiguration#persistenceExceptionTranslationPostProcessor matched:
      - @ConditionalOnProperty (spring.dao.exceptiontranslation.enabled) matched (OnPropertyCondition)
      - @ConditionalOnMissingBean (types: org.springframework.dao.annotation.PersistenceExceptionTranslationPostProcessor; SearchStrategy: all) did not find any beans (OnBeanCondition)

   PropertyPlaceholderAutoConfiguration#propertySourcesPlaceholderConfigurer matched:
      - @ConditionalOnMissingBean (types: org.springframework.context.support.PropertySourcesPlaceholderConfigurer; SearchStrategy: current) did not find any beans (OnBeanCondition)

   RestClientAutoConfiguration matched:
      - @ConditionalOnClass found required class 'org.springframework.web.client.RestClient' (OnClassCondition)
      - NoneNestedConditions 0 matched 1 did not; NestedCondition on NotReactiveWebApplicationCondition.ReactiveWebApplication did not find reactive web application classes (NotReactiveWebApplicationCondition)

   RestClientAutoConfiguration#httpMessageConvertersRestClientCustomizer matched:
      - @ConditionalOnMissingBean (types: org.springframework.boot.autoconfigure.web.client.HttpMessageConvertersRestClientCustomizer; SearchStrategy: all) did not find any beans (OnBeanCondition)

   RestClientAutoConfiguration#restClientBuilder matched:
      - @ConditionalOnMissingBean (types: org.springframework.web.client.RestClient$Builder; SearchStrategy: all) did not find any beans (OnBeanCondition)

   RestClientAutoConfiguration#restClientBuilderConfigurer matched:
      - @ConditionalOnMissingBean (types: org.springframework.boot.autoconfigure.web.client.RestClientBuilderConfigurer; SearchStrategy: all) did not find any beans (OnBeanCondition)

   RestClientAutoConfiguration#restClientSsl matched:
      - @ConditionalOnBean (types: org.springframework.boot.ssl.SslBundles; SearchStrategy: all) found bean 'sslBundleRegistry'; @ConditionalOnMissingBean (types: org.springframework.boot.autoconfigure.web.client.RestClientSsl; SearchStrategy: all) did not find any beans (OnBeanCondition)

   RestTemplateAutoConfiguration matched:
      - @ConditionalOnClass found required class 'org.springframework.web.client.RestTemplate' (OnClassCondition)
      - NoneNestedConditions 0 matched 1 did not; NestedCondition on NotReactiveWebApplicationCondition.ReactiveWebApplication did not find reactive web application classes (NotReactiveWebApplicationCondition)

   RestTemplateAutoConfiguration#restTemplateBuilder matched:
      - @ConditionalOnMissingBean (types: org.springframework.boot.web.client.RestTemplateBuilder; SearchStrategy: all) did not find any beans (OnBeanCondition)

   SecurityAutoConfiguration matched:
      - @ConditionalOnClass found required class 'org.springframework.security.authentication.DefaultAuthenticationEventPublisher' (OnClassCondition)

   SecurityAutoConfiguration#authenticationEventPublisher matched:
      - @ConditionalOnMissingBean (types: org.springframework.security.authentication.AuthenticationEventPublisher; SearchStrategy: all) did not find any beans (OnBeanCondition)

   SecurityFilterAutoConfiguration matched:
      - @ConditionalOnClass found required classes 'org.springframework.security.web.context.AbstractSecurityWebApplicationInitializer', 'org.springframework.security.config.http.SessionCreationPolicy' (OnClassCondition)
      - found 'session' scope (OnWebApplicationCondition)

   SecurityFilterAutoConfiguration#securityFilterChainRegistration matched:
      - @ConditionalOnBean (names: springSecurityFilterChain; SearchStrategy: all) found bean 'springSecurityFilterChain' (OnBeanCondition)

   ServletWebServerFactoryAutoConfiguration matched:
      - @ConditionalOnClass found required class 'jakarta.servlet.ServletRequest' (OnClassCondition)
      - found 'session' scope (OnWebApplicationCondition)

   ServletWebServerFactoryAutoConfiguration#tomcatServletWebServerFactoryCustomizer matched:
      - @ConditionalOnClass found required class 'org.apache.catalina.startup.Tomcat' (OnClassCondition)

   ServletWebServerFactoryConfiguration.EmbeddedTomcat matched:
      - @ConditionalOnClass found required classes 'jakarta.servlet.Servlet', 'org.apache.catalina.startup.Tomcat', 'org.apache.coyote.UpgradeProtocol' (OnClassCondition)
      - @ConditionalOnMissingBean (types: org.springframework.boot.web.servlet.server.ServletWebServerFactory; SearchStrategy: current) did not find any beans (OnBeanCondition)

   SimpleCacheConfiguration matched:
      - Cache org.springframework.boot.autoconfigure.cache.SimpleCacheConfiguration automatic cache type (CacheCondition)

   SpringBootWebSecurityConfiguration matched:
      - found 'session' scope (OnWebApplicationCondition)

   SpringBootWebSecurityConfiguration.WebSecurityEnablerConfiguration matched:
      - @ConditionalOnClass found required class 'org.springframework.security.config.annotation.web.configuration.EnableWebSecurity' (OnClassCondition)
      - @ConditionalOnMissingBean (names: springSecurityFilterChain; SearchStrategy: all) did not find any beans (OnBeanCondition)

   SpringDataWebAutoConfiguration matched:
      - @ConditionalOnClass found required classes 'org.springframework.data.web.PageableHandlerMethodArgumentResolver', 'org.springframework.web.servlet.config.annotation.WebMvcConfigurer' (OnClassCondition)
      - found 'session' scope (OnWebApplicationCondition)
      - @ConditionalOnMissingBean (types: org.springframework.data.web.PageableHandlerMethodArgumentResolver; SearchStrategy: all) did not find any beans (OnBeanCondition)

   SpringDataWebAutoConfiguration#pageableCustomizer matched:
      - @ConditionalOnMissingBean (types: org.springframework.data.web.config.PageableHandlerMethodArgumentResolverCustomizer; SearchStrategy: all) did not find any beans (OnBeanCondition)

   SpringDataWebAutoConfiguration#sortCustomizer matched:
      - @ConditionalOnMissingBean (types: org.springframework.data.web.config.SortHandlerMethodArgumentResolverCustomizer; SearchStrategy: all) did not find any beans (OnBeanCondition)

   SpringDataWebAutoConfiguration#springDataWebSettings matched:
      - @ConditionalOnMissingBean (types: org.springframework.data.web.config.SpringDataWebSettings; SearchStrategy: all) did not find any beans (OnBeanCondition)

   SqlInitializationAutoConfiguration matched:
      - @ConditionalOnProperty (spring.sql.init.enabled) matched (OnPropertyCondition)
      - NoneNestedConditions 0 matched 1 did not; NestedCondition on SqlInitializationAutoConfiguration.SqlInitializationModeCondition.ModeIsNever @ConditionalOnProperty (spring.sql.init.mode=never) did not find property 'mode' (SqlInitializationAutoConfiguration.SqlInitializationModeCondition)

   SslAutoConfiguration#sslBundleRegistry matched:
      - @ConditionalOnMissingBean (types: org.springframework.boot.ssl.SslBundleRegistry,org.springframework.boot.ssl.SslBundles; SearchStrategy: all) did not find any beans (OnBeanCondition)

   TaskExecutionAutoConfiguration matched:
      - @ConditionalOnClass found required class 'org.springframework.scheduling.concurrent.ThreadPoolTaskExecutor' (OnClassCondition)

   TaskExecutorConfigurations.SimpleAsyncTaskExecutorBuilderConfiguration#simpleAsyncTaskExecutorBuilder matched:
      - @ConditionalOnMissingBean (types: org.springframework.boot.task.SimpleAsyncTaskExecutorBuilder; SearchStrategy: all) did not find any beans (OnBeanCondition)
      - @ConditionalOnThreading found PLATFORM (OnThreadingCondition)

   TaskExecutorConfigurations.TaskExecutorConfiguration matched:
      - @ConditionalOnMissingBean (types: java.util.concurrent.Executor; SearchStrategy: all) did not find any beans (OnBeanCondition)

   TaskExecutorConfigurations.TaskExecutorConfiguration#applicationTaskExecutor matched:
      - @ConditionalOnThreading found PLATFORM (OnThreadingCondition)

   TaskExecutorConfigurations.ThreadPoolTaskExecutorBuilderConfiguration#threadPoolTaskExecutorBuilder matched:
      - @ConditionalOnMissingBean (types: org.springframework.boot.task.ThreadPoolTaskExecutorBuilder; SearchStrategy: all) did not find any beans (OnBeanCondition)

   TaskSchedulingAutoConfiguration matched:
      - @ConditionalOnClass found required class 'org.springframework.scheduling.concurrent.ThreadPoolTaskScheduler' (OnClassCondition)

   TaskSchedulingConfigurations.SimpleAsyncTaskSchedulerBuilderConfiguration#simpleAsyncTaskSchedulerBuilder matched:
      - @ConditionalOnMissingBean (types: org.springframework.boot.task.SimpleAsyncTaskSchedulerBuilder; SearchStrategy: all) did not find any beans (OnBeanCondition)
      - @ConditionalOnThreading found PLATFORM (OnThreadingCondition)

   TaskSchedulingConfigurations.ThreadPoolTaskSchedulerBuilderConfiguration#threadPoolTaskSchedulerBuilder matched:
      - @ConditionalOnMissingBean (types: org.springframework.boot.task.ThreadPoolTaskSchedulerBuilder; SearchStrategy: all) did not find any beans (OnBeanCondition)

   TemplateEngineConfigurations.DefaultTemplateEngineConfiguration#templateEngine matched:
      - @ConditionalOnMissingBean (types: org.thymeleaf.spring6.ISpringTemplateEngine; SearchStrategy: all) did not find any beans (OnBeanCondition)

   ThymeleafAutoConfiguration matched:
      - @ConditionalOnClass found required classes 'org.thymeleaf.templatemode.TemplateMode', 'org.thymeleaf.spring6.SpringTemplateEngine' (OnClassCondition)

   ThymeleafAutoConfiguration.DefaultTemplateResolverConfiguration matched:
      - @ConditionalOnMissingBean (names: defaultTemplateResolver; SearchStrategy: all) did not find any beans (OnBeanCondition)

   ThymeleafAutoConfiguration.ThymeleafWebMvcConfiguration matched:
      - found 'session' scope (OnWebApplicationCondition)
      - @ConditionalOnProperty (spring.thymeleaf.enabled) matched (OnPropertyCondition)

   ThymeleafAutoConfiguration.ThymeleafWebMvcConfiguration.ThymeleafViewResolverConfiguration matched:
      - @ConditionalOnClass found required class 'org.springframework.web.servlet.view.AbstractCachingViewResolver' (OnClassCondition)

   ThymeleafAutoConfiguration.ThymeleafWebMvcConfiguration.ThymeleafViewResolverConfiguration#thymeleafViewResolver matched:
      - @ConditionalOnMissingBean (names: thymeleafViewResolver; SearchStrategy: all) did not find any beans (OnBeanCondition)

   TransactionAutoConfiguration matched:
      - @ConditionalOnClass found required class 'org.springframework.transaction.PlatformTransactionManager' (OnClassCondition)

   TransactionAutoConfiguration.EnableTransactionManagementConfiguration matched:
      - @ConditionalOnBean (types: org.springframework.transaction.TransactionManager; SearchStrategy: all) found bean 'transactionManager'; @ConditionalOnMissingBean (types: org.springframework.transaction.annotation.AbstractTransactionManagementConfiguration; SearchStrategy: all) did not find any beans (OnBeanCondition)

   TransactionAutoConfiguration.EnableTransactionManagementConfiguration.CglibAutoProxyConfiguration matched:
      - @ConditionalOnProperty (spring.aop.proxy-target-class=true) matched (OnPropertyCondition)

   TransactionAutoConfiguration.TransactionTemplateConfiguration matched:
      - @ConditionalOnSingleCandidate (types: org.springframework.transaction.PlatformTransactionManager; SearchStrategy: all) found a single bean 'transactionManager' (OnBeanCondition)

   TransactionAutoConfiguration.TransactionTemplateConfiguration#transactionTemplate matched:
      - @ConditionalOnMissingBean (types: org.springframework.transaction.support.TransactionOperations; SearchStrategy: all) did not find any beans (OnBeanCondition)

   TransactionManagerCustomizationAutoConfiguration matched:
      - @ConditionalOnClass found required class 'org.springframework.transaction.PlatformTransactionManager' (OnClassCondition)

   TransactionManagerCustomizationAutoConfiguration#platformTransactionManagerCustomizers matched:
      - @ConditionalOnMissingBean (types: org.springframework.boot.autoconfigure.transaction.TransactionManagerCustomizers; SearchStrategy: all) did not find any beans (OnBeanCondition)

   ValidationAutoConfiguration matched:
      - @ConditionalOnClass found required class 'jakarta.validation.executable.ExecutableValidator' (OnClassCondition)
      - @ConditionalOnResource found location classpath:META-INF/services/jakarta.validation.spi.ValidationProvider (OnResourceCondition)

   ValidationAutoConfiguration#defaultValidator matched:
      - @ConditionalOnMissingBean (types: jakarta.validation.Validator; SearchStrategy: all) did not find any beans (OnBeanCondition)

   ValidationAutoConfiguration#methodValidationPostProcessor matched:
      - @ConditionalOnMissingBean (types: org.springframework.validation.beanvalidation.MethodValidationPostProcessor; SearchStrategy: current) did not find any beans (OnBeanCondition)

   WebMvcAutoConfiguration matched:
      - @ConditionalOnClass found required classes 'jakarta.servlet.Servlet', 'org.springframework.web.servlet.DispatcherServlet', 'org.springframework.web.servlet.config.annotation.WebMvcConfigurer' (OnClassCondition)
      - found 'session' scope (OnWebApplicationCondition)
      - @ConditionalOnMissingBean (types: org.springframework.web.servlet.config.annotation.WebMvcConfigurationSupport; SearchStrategy: all) did not find any beans (OnBeanCondition)

   WebMvcAutoConfiguration#formContentFilter matched:
      - @ConditionalOnProperty (spring.mvc.formcontent.filter.enabled) matched (OnPropertyCondition)
      - @ConditionalOnMissingBean (types: org.springframework.web.filter.FormContentFilter; SearchStrategy: all) did not find any beans (OnBeanCondition)

   WebMvcAutoConfiguration.EnableWebMvcConfiguration#flashMapManager matched:
      - @ConditionalOnMissingBean (names: flashMapManager; SearchStrategy: all) did not find any beans (OnBeanCondition)

   WebMvcAutoConfiguration.EnableWebMvcConfiguration#localeResolver matched:
      - @ConditionalOnMissingBean (names: localeResolver; SearchStrategy: all) did not find any beans (OnBeanCondition)

   WebMvcAutoConfiguration.EnableWebMvcConfiguration#themeResolver matched:
      - @ConditionalOnMissingBean (names: themeResolver; SearchStrategy: all) did not find any beans (OnBeanCondition)

   WebMvcAutoConfiguration.EnableWebMvcConfiguration#viewNameTranslator matched:
      - @ConditionalOnMissingBean (names: viewNameTranslator; SearchStrategy: all) did not find any beans (OnBeanCondition)

   WebMvcAutoConfiguration.WebMvcAutoConfigurationAdapter#defaultViewResolver matched:
      - @ConditionalOnMissingBean (types: org.springframework.web.servlet.view.InternalResourceViewResolver; SearchStrategy: all) did not find any beans (OnBeanCondition)

   WebMvcAutoConfiguration.WebMvcAutoConfigurationAdapter#requestContextFilter matched:
      - @ConditionalOnMissingBean (types: org.springframework.web.context.request.RequestContextListener,org.springframework.web.filter.RequestContextFilter; SearchStrategy: all) did not find any beans (OnBeanCondition)

   WebMvcAutoConfiguration.WebMvcAutoConfigurationAdapter#viewResolver matched:
      - @ConditionalOnBean (types: org.springframework.web.servlet.ViewResolver; SearchStrategy: all) found beans 'defaultViewResolver', 'mvcViewResolver'; @ConditionalOnMissingBean (names: viewResolver types: org.springframework.web.servlet.view.ContentNegotiatingViewResolver; SearchStrategy: all) did not find any beans (OnBeanCondition)

   WebSocketServletAutoConfiguration matched:
      - @ConditionalOnClass found required classes 'jakarta.servlet.Servlet', 'jakarta.websocket.server.ServerContainer' (OnClassCondition)
      - found 'session' scope (OnWebApplicationCondition)

   WebSocketServletAutoConfiguration.TomcatWebSocketConfiguration matched:
      - @ConditionalOnClass found required classes 'org.apache.catalina.startup.Tomcat', 'org.apache.tomcat.websocket.server.WsSci' (OnClassCondition)

   WebSocketServletAutoConfiguration.TomcatWebSocketConfiguration#websocketServletWebServerCustomizer matched:
      - @ConditionalOnMissingBean (names: websocketServletWebServerCustomizer; SearchStrategy: all) did not find any beans (OnBeanCondition)


Negative matches:
-----------------

   ActiveMQAutoConfiguration:
      Did not match:
         - @ConditionalOnClass did not find required class 'jakarta.jms.ConnectionFactory' (OnClassCondition)

   AopAutoConfiguration.AspectJAutoProxyingConfiguration.JdkDynamicAutoProxyConfiguration:
      Did not match:
         - @ConditionalOnProperty (spring.aop.proxy-target-class=false) did not find property 'proxy-target-class' (OnPropertyCondition)

   AopAutoConfiguration.ClassProxyingConfiguration:
      Did not match:
         - @ConditionalOnMissingClass found unwanted class 'org.aspectj.weaver.Advice' (OnClassCondition)

   ArtemisAutoConfiguration:
      Did not match:
         - @ConditionalOnClass did not find required class 'jakarta.jms.ConnectionFactory' (OnClassCondition)

   BatchAutoConfiguration:
      Did not match:
         - @ConditionalOnClass did not find required class 'org.springframework.batch.core.launch.JobLauncher' (OnClassCondition)

   Cache2kCacheConfiguration:
      Did not match:
         - @ConditionalOnClass did not find required class 'org.cache2k.Cache2kBuilder' (OnClassCondition)

   CacheAutoConfiguration:
      Did not match:
         - @ConditionalOnBean (types: org.springframework.cache.interceptor.CacheAspectSupport; SearchStrategy: all) did not find any beans of type org.springframework.cache.interceptor.CacheAspectSupport (OnBeanCondition)
      Matched:
         - @ConditionalOnClass found required class 'org.springframework.cache.CacheManager' (OnClassCondition)

   CacheAutoConfiguration.CacheManagerEntityManagerFactoryDependsOnPostProcessor:
      Did not match:
         - Ancestor org.springframework.boot.autoconfigure.cache.CacheAutoConfiguration did not match (ConditionEvaluationReport.AncestorsMatchedCondition)
      Matched:
         - @ConditionalOnClass found required class 'org.springframework.orm.jpa.LocalContainerEntityManagerFactoryBean' (OnClassCondition)

   CaffeineCacheConfiguration:
      Did not match:
         - @ConditionalOnClass did not find required class 'com.github.benmanes.caffeine.cache.Caffeine' (OnClassCondition)

   CassandraAutoConfiguration:
      Did not match:
         - @ConditionalOnClass did not find required class 'com.datastax.oss.driver.api.core.CqlSession' (OnClassCondition)

   CassandraDataAutoConfiguration:
      Did not match:
         - @ConditionalOnClass did not find required class 'com.datastax.oss.driver.api.core.CqlSession' (OnClassCondition)

   CassandraReactiveDataAutoConfiguration:
      Did not match:
         - @ConditionalOnClass did not find required class 'com.datastax.oss.driver.api.core.CqlSession' (OnClassCondition)

   CassandraReactiveRepositoriesAutoConfiguration:
      Did not match:
         - @ConditionalOnClass did not find required class 'org.springframework.data.cassandra.ReactiveSession' (OnClassCondition)

   CassandraRepositoriesAutoConfiguration:
      Did not match:
         - @ConditionalOnClass did not find required class 'com.datastax.oss.driver.api.core.CqlSession' (OnClassCondition)

   ClientHttpConnectorAutoConfiguration:
      Did not match:
         - @ConditionalOnClass did not find required class 'org.springframework.web.reactive.function.client.WebClient' (OnClassCondition)

   CodecsAutoConfiguration:
      Did not match:
         - @ConditionalOnClass did not find required class 'org.springframework.web.reactive.function.client.WebClient' (OnClassCondition)

   CouchbaseAutoConfiguration:
      Did not match:
         - @ConditionalOnClass did not find required class 'com.couchbase.client.java.Cluster' (OnClassCondition)

   CouchbaseCacheConfiguration:
      Did not match:
         - @ConditionalOnClass did not find required class 'com.couchbase.client.java.Cluster' (OnClassCondition)

   CouchbaseDataAutoConfiguration:
      Did not match:
         - @ConditionalOnClass did not find required class 'com.couchbase.client.java.Bucket' (OnClassCondition)

   CouchbaseReactiveDataAutoConfiguration:
      Did not match:
         - @ConditionalOnClass did not find required class 'com.couchbase.client.java.Cluster' (OnClassCondition)

   CouchbaseReactiveRepositoriesAutoConfiguration:
      Did not match:
         - @ConditionalOnClass did not find required class 'com.couchbase.client.java.Cluster' (OnClassCondition)

   CouchbaseRepositoriesAutoConfiguration:
      Did not match:
         - @ConditionalOnClass did not find required class 'com.couchbase.client.java.Bucket' (OnClassCondition)

   DataSourceAutoConfiguration.EmbeddedDatabaseConfiguration:
      Did not match:
         - EmbeddedDataSource spring.datasource.url is set (DataSourceAutoConfiguration.EmbeddedDatabaseCondition)

   DataSourceCheckpointRestoreConfiguration:
      Did not match:
         - @ConditionalOnClass did not find required class 'org.crac.Resource' (OnClassCondition)

   DataSourceConfiguration.Dbcp2:
      Did not match:
         - @ConditionalOnClass did not find required class 'org.apache.commons.dbcp2.BasicDataSource' (OnClassCondition)

   DataSourceConfiguration.Generic:
      Did not match:
         - @ConditionalOnProperty (spring.datasource.type) did not find property 'spring.datasource.type' (OnPropertyCondition)

   DataSourceConfiguration.OracleUcp:
      Did not match:
         - @ConditionalOnClass did not find required classes 'oracle.ucp.jdbc.PoolDataSourceImpl', 'oracle.jdbc.OracleConnection' (OnClassCondition)

   DataSourceConfiguration.Tomcat:
      Did not match:
         - @ConditionalOnClass did not find required class 'org.apache.tomcat.jdbc.pool.DataSource' (OnClassCondition)

   DataSourceJmxConfiguration.TomcatDataSourceJmxConfiguration:
      Did not match:
         - @ConditionalOnClass did not find required class 'org.apache.tomcat.jdbc.pool.DataSourceProxy' (OnClassCondition)

   DataSourcePoolMetadataProvidersConfiguration.CommonsDbcp2PoolDataSourceMetadataProviderConfiguration:
      Did not match:
         - @ConditionalOnClass did not find required class 'org.apache.commons.dbcp2.BasicDataSource' (OnClassCondition)

   DataSourcePoolMetadataProvidersConfiguration.OracleUcpPoolDataSourceMetadataProviderConfiguration:
      Did not match:
         - @ConditionalOnClass did not find required classes 'oracle.ucp.jdbc.PoolDataSource', 'oracle.jdbc.OracleConnection' (OnClassCondition)

   DataSourcePoolMetadataProvidersConfiguration.TomcatDataSourcePoolMetadataProviderConfiguration:
      Did not match:
         - @ConditionalOnClass did not find required class 'org.apache.tomcat.jdbc.pool.DataSource' (OnClassCondition)

   DataSourceTransactionManagerAutoConfiguration.JdbcTransactionManagerConfiguration#transactionManager:
      Did not match:
         - @ConditionalOnMissingBean (types: org.springframework.transaction.TransactionManager; SearchStrategy: all) found beans of type 'org.springframework.transaction.TransactionManager' transactionManager (OnBeanCondition)

   DevToolsR2dbcAutoConfiguration:
      Did not match:
         - @ConditionalOnClass did not find required class 'io.r2dbc.spi.ConnectionFactory' (OnClassCondition)

   DispatcherServletAutoConfiguration.DispatcherServletConfiguration#multipartResolver:
      Did not match:
         - @ConditionalOnBean (types: org.springframework.web.multipart.MultipartResolver; SearchStrategy: all) did not find any beans of type org.springframework.web.multipart.MultipartResolver (OnBeanCondition)

   ElasticsearchClientAutoConfiguration:
      Did not match:
         - @ConditionalOnClass did not find required class 'co.elastic.clients.elasticsearch.ElasticsearchClient' (OnClassCondition)

   ElasticsearchDataAutoConfiguration:
      Did not match:
         - @ConditionalOnClass did not find required class 'org.springframework.data.elasticsearch.client.elc.ElasticsearchTemplate' (OnClassCondition)

   ElasticsearchRepositoriesAutoConfiguration:
      Did not match:
         - @ConditionalOnClass did not find required class 'org.springframework.data.elasticsearch.repository.ElasticsearchRepository' (OnClassCondition)

   ElasticsearchRestClientAutoConfiguration:
      Did not match:
         - @ConditionalOnClass did not find required class 'org.elasticsearch.client.RestClientBuilder' (OnClassCondition)

   EmbeddedLdapAutoConfiguration:
      Did not match:
         - @ConditionalOnClass did not find required class 'com.unboundid.ldap.listener.InMemoryDirectoryServer' (OnClassCondition)

   EmbeddedWebServerFactoryCustomizerAutoConfiguration.JettyWebServerFactoryCustomizerConfiguration:
      Did not match:
         - @ConditionalOnClass did not find required classes 'org.eclipse.jetty.server.Server', 'org.eclipse.jetty.util.Loader', 'org.eclipse.jetty.ee10.webapp.WebAppContext' (OnClassCondition)

   EmbeddedWebServerFactoryCustomizerAutoConfiguration.NettyWebServerFactoryCustomizerConfiguration:
      Did not match:
         - @ConditionalOnClass did not find required class 'reactor.netty.http.server.HttpServer' (OnClassCondition)

   EmbeddedWebServerFactoryCustomizerAutoConfiguration.TomcatWebServerFactoryCustomizerConfiguration#tomcatVirtualThreadsProtocolHandlerCustomizer:
      Did not match:
         - @ConditionalOnThreading did not find VIRTUAL (OnThreadingCondition)

   EmbeddedWebServerFactoryCustomizerAutoConfiguration.UndertowWebServerFactoryCustomizerConfiguration:
      Did not match:
         - @ConditionalOnClass did not find required classes 'io.undertow.Undertow', 'org.xnio.SslClientAuthMode' (OnClassCondition)

   ErrorMvcAutoConfiguration.WhitelabelErrorViewConfiguration:
      Did not match:
         - ErrorTemplate Missing found template from org.springframework.boot.autoconfigure.thymeleaf.ThymeleafTemplateAvailabilityProvider@339c30ac (ErrorMvcAutoConfiguration.ErrorTemplateMissingCondition)
      Matched:
         - @ConditionalOnProperty (server.error.whitelabel.enabled) matched (OnPropertyCondition)

   ErrorWebFluxAutoConfiguration:
      Did not match:
         - @ConditionalOnClass did not find required class 'org.springframework.web.reactive.config.WebFluxConfigurer' (OnClassCondition)

   FlywayAutoConfiguration:
      Did not match:
         - @ConditionalOnClass did not find required class 'org.flywaydb.core.Flyway' (OnClassCondition)

   FreeMarkerAutoConfiguration:
      Did not match:
         - @ConditionalOnClass did not find required class 'freemarker.template.Configuration' (OnClassCondition)

   GraphQlAutoConfiguration:
      Did not match:
         - @ConditionalOnClass did not find required class 'graphql.GraphQL' (OnClassCondition)

   GraphQlQueryByExampleAutoConfiguration:
      Did not match:
         - @ConditionalOnClass did not find required class 'graphql.GraphQL' (OnClassCondition)

   GraphQlQuerydslAutoConfiguration:
      Did not match:
         - @ConditionalOnClass did not find required class 'com.querydsl.core.Query' (OnClassCondition)

   GraphQlRSocketAutoConfiguration:
      Did not match:
         - @ConditionalOnClass did not find required class 'graphql.GraphQL' (OnClassCondition)

   GraphQlReactiveQueryByExampleAutoConfiguration:
      Did not match:
         - @ConditionalOnClass did not find required class 'graphql.GraphQL' (OnClassCondition)

   GraphQlReactiveQuerydslAutoConfiguration:
      Did not match:
         - @ConditionalOnClass did not find required class 'com.querydsl.core.Query' (OnClassCondition)

   GraphQlWebFluxAutoConfiguration:
      Did not match:
         - @ConditionalOnClass did not find required class 'graphql.GraphQL' (OnClassCondition)

   GraphQlWebFluxSecurityAutoConfiguration:
      Did not match:
         - @ConditionalOnClass did not find required class 'graphql.GraphQL' (OnClassCondition)

   GraphQlWebMvcAutoConfiguration:
      Did not match:
         - @ConditionalOnClass did not find required class 'graphql.GraphQL' (OnClassCondition)

   GraphQlWebMvcSecurityAutoConfiguration:
      Did not match:
         - @ConditionalOnClass did not find required class 'graphql.GraphQL' (OnClassCondition)

   GroovyTemplateAutoConfiguration:
      Did not match:
         - @ConditionalOnClass did not find required class 'groovy.text.markup.MarkupTemplateEngine' (OnClassCondition)

   GsonAutoConfiguration:
      Did not match:
         - @ConditionalOnClass did not find required class 'com.google.gson.Gson' (OnClassCondition)

   GsonHttpMessageConvertersConfiguration:
      Did not match:
         - @ConditionalOnClass did not find required class 'com.google.gson.Gson' (OnClassCondition)

   H2ConsoleAutoConfiguration:
      Did not match:
         - @ConditionalOnProperty (spring.h2.console.enabled=true) found different value in property 'enabled' (OnPropertyCondition)
      Matched:
         - @ConditionalOnClass found required class 'org.h2.server.web.JakartaWebServlet' (OnClassCondition)
         - found 'session' scope (OnWebApplicationCondition)

   HazelcastAutoConfiguration:
      Did not match:
         - @ConditionalOnClass did not find required class 'com.hazelcast.core.HazelcastInstance' (OnClassCondition)

   HazelcastCacheConfiguration:
      Did not match:
         - @ConditionalOnClass did not find required class 'com.hazelcast.core.HazelcastInstance' (OnClassCondition)

   HazelcastJpaDependencyAutoConfiguration:
      Did not match:
         - @ConditionalOnClass did not find required class 'com.hazelcast.core.HazelcastInstance' (OnClassCondition)

   HttpHandlerAutoConfiguration:
      Did not match:
         - @ConditionalOnClass did not find required class 'org.springframework.web.reactive.DispatcherHandler' (OnClassCondition)

   HypermediaAutoConfiguration:
      Did not match:
         - @ConditionalOnClass did not find required class 'org.springframework.hateoas.EntityModel' (OnClassCondition)

   InfinispanCacheConfiguration:
      Did not match:
         - @ConditionalOnClass did not find required class 'org.infinispan.spring.embedded.provider.SpringEmbeddedCacheManager' (OnClassCondition)

   IntegrationAutoConfiguration:
      Did not match:
         - @ConditionalOnClass did not find required class 'org.springframework.integration.config.EnableIntegration' (OnClassCondition)

   JCacheCacheConfiguration:
      Did not match:
         - @ConditionalOnClass did not find required class 'javax.cache.Caching' (OnClassCondition)

   JacksonHttpMessageConvertersConfiguration.MappingJackson2XmlHttpMessageConverterConfiguration:
      Did not match:
         - @ConditionalOnClass did not find required class 'com.fasterxml.jackson.dataformat.xml.XmlMapper' (OnClassCondition)

   JdbcRepositoriesAutoConfiguration:
      Did not match:
         - @ConditionalOnClass did not find required class 'org.springframework.data.jdbc.repository.config.AbstractJdbcConfiguration' (OnClassCondition)

   JerseyAutoConfiguration:
      Did not match:
         - @ConditionalOnClass did not find required class 'org.glassfish.jersey.server.spring.SpringComponentProvider' (OnClassCondition)

   JmsAutoConfiguration:
      Did not match:
         - @ConditionalOnClass did not find required class 'jakarta.jms.Message' (OnClassCondition)

   JmxAutoConfiguration:
      Did not match:
         - @ConditionalOnProperty (spring.jmx.enabled=true) did not find property 'enabled' (OnPropertyCondition)
      Matched:
         - @ConditionalOnClass found required class 'org.springframework.jmx.export.MBeanExporter' (OnClassCondition)

   JndiConnectionFactoryAutoConfiguration:
      Did not match:
         - @ConditionalOnClass did not find required class 'org.springframework.jms.core.JmsTemplate' (OnClassCondition)

   JndiDataSourceAutoConfiguration:
      Did not match:
         - @ConditionalOnProperty (spring.datasource.jndi-name) did not find property 'jndi-name' (OnPropertyCondition)
      Matched:
         - @ConditionalOnClass found required classes 'javax.sql.DataSource', 'org.springframework.jdbc.datasource.embedded.EmbeddedDatabaseType' (OnClassCondition)

   JndiJtaConfiguration:
      Did not match:
         - @ConditionalOnJndi JNDI environment is not available (OnJndiCondition)
      Matched:
         - @ConditionalOnClass found required class 'org.springframework.transaction.jta.JtaTransactionManager' (OnClassCondition)

   JooqAutoConfiguration:
      Did not match:
         - @ConditionalOnClass did not find required class 'org.jooq.DSLContext' (OnClassCondition)

   JpaRepositoriesAutoConfiguration#entityManagerFactoryBootstrapExecutorCustomizer:
      Did not match:
         - AnyNestedCondition 0 matched 2 did not; NestedCondition on JpaRepositoriesAutoConfiguration.BootstrapExecutorCondition.LazyBootstrapMode @ConditionalOnProperty (spring.data.jpa.repositories.bootstrap-mode=lazy) did not find property 'bootstrap-mode'; NestedCondition on JpaRepositoriesAutoConfiguration.BootstrapExecutorCondition.DeferredBootstrapMode @ConditionalOnProperty (spring.data.jpa.repositories.bootstrap-mode=deferred) did not find property 'bootstrap-mode' (JpaRepositoriesAutoConfiguration.BootstrapExecutorCondition)

   JsonbAutoConfiguration:
      Did not match:
         - @ConditionalOnClass did not find required class 'jakarta.json.bind.Jsonb' (OnClassCondition)

   JsonbHttpMessageConvertersConfiguration:
      Did not match:
         - @ConditionalOnClass did not find required class 'jakarta.json.bind.Jsonb' (OnClassCondition)

   KafkaAutoConfiguration:
      Did not match:
         - @ConditionalOnClass did not find required class 'org.springframework.kafka.core.KafkaTemplate' (OnClassCondition)

   LdapAutoConfiguration:
      Did not match:
         - @ConditionalOnClass did not find required class 'org.springframework.ldap.core.ContextSource' (OnClassCondition)

   LdapRepositoriesAutoConfiguration:
      Did not match:
         - @ConditionalOnClass did not find required class 'org.springframework.data.ldap.repository.LdapRepository' (OnClassCondition)

   LiquibaseAutoConfiguration:
      Did not match:
         - @ConditionalOnClass did not find required class 'liquibase.change.DatabaseChange' (OnClassCondition)

   MailSenderAutoConfiguration:
      Did not match:
         - @ConditionalOnClass did not find required class 'jakarta.mail.internet.MimeMessage' (OnClassCondition)

   MailSenderValidatorAutoConfiguration:
      Did not match:
         - @ConditionalOnSingleCandidate did not find required type 'org.springframework.mail.javamail.JavaMailSenderImpl' (OnBeanCondition)

   MessageSourceAutoConfiguration:
      Did not match:
         - ResourceBundle did not find bundle with basename messages (MessageSourceAutoConfiguration.ResourceBundleCondition)

   MongoAutoConfiguration:
      Did not match:
         - @ConditionalOnClass did not find required class 'com.mongodb.client.MongoClient' (OnClassCondition)

   MongoDataAutoConfiguration:
      Did not match:
         - @ConditionalOnClass did not find required class 'com.mongodb.client.MongoClient' (OnClassCondition)

   MongoReactiveAutoConfiguration:
      Did not match:
         - @ConditionalOnClass did not find required class 'com.mongodb.reactivestreams.client.MongoClient' (OnClassCondition)

   MongoReactiveDataAutoConfiguration:
      Did not match:
         - @ConditionalOnClass did not find required class 'com.mongodb.reactivestreams.client.MongoClient' (OnClassCondition)

   MongoReactiveRepositoriesAutoConfiguration:
      Did not match:
         - @ConditionalOnClass did not find required class 'com.mongodb.reactivestreams.client.MongoClient' (OnClassCondition)

   MongoRepositoriesAutoConfiguration:
      Did not match:
         - @ConditionalOnClass did not find required class 'com.mongodb.client.MongoClient' (OnClassCondition)

   MustacheAutoConfiguration:
      Did not match:
         - @ConditionalOnClass did not find required class 'com.samskivert.mustache.Mustache' (OnClassCondition)

   Neo4jAutoConfiguration:
      Did not match:
         - @ConditionalOnClass did not find required class 'org.neo4j.driver.Driver' (OnClassCondition)

   Neo4jDataAutoConfiguration:
      Did not match:
         - @ConditionalOnClass did not find required class 'org.neo4j.driver.Driver' (OnClassCondition)

   Neo4jReactiveDataAutoConfiguration:
      Did not match:
         - @ConditionalOnClass did not find required class 'org.neo4j.driver.Driver' (OnClassCondition)

   Neo4jReactiveRepositoriesAutoConfiguration:
      Did not match:
         - @ConditionalOnClass did not find required class 'org.neo4j.driver.Driver' (OnClassCondition)

   Neo4jRepositoriesAutoConfiguration:
      Did not match:
         - @ConditionalOnClass did not find required class 'org.neo4j.driver.Driver' (OnClassCondition)

   NettyAutoConfiguration:
      Did not match:
         - @ConditionalOnClass did not find required class 'io.netty.util.NettyRuntime' (OnClassCondition)

   OAuth2AuthorizationServerAutoConfiguration:
      Did not match:
         - @ConditionalOnClass did not find required class 'org.springframework.security.oauth2.server.authorization.OAuth2Authorization' (OnClassCondition)

   OAuth2AuthorizationServerJwtAutoConfiguration:
      Did not match:
         - @ConditionalOnClass did not find required class 'com.nimbusds.jose.jwk.source.JWKSource' (OnClassCondition)

   OAuth2ClientAutoConfiguration:
      Did not match:
         - @ConditionalOnClass did not find required class 'org.springframework.security.oauth2.client.registration.ClientRegistration' (OnClassCondition)

   OAuth2ResourceServerAutoConfiguration:
      Did not match:
         - @ConditionalOnClass did not find required class 'org.springframework.security.oauth2.server.resource.authentication.BearerTokenAuthenticationToken' (OnClassCondition)

   ProjectInfoAutoConfiguration#buildProperties:
      Did not match:
         - @ConditionalOnResource did not find resource '${spring.info.build.location:classpath:META-INF/build-info.properties}' (OnResourceCondition)

   ProjectInfoAutoConfiguration#gitProperties:
      Did not match:
         - GitResource did not find git info at classpath:git.properties (ProjectInfoAutoConfiguration.GitResourceAvailableCondition)

   PulsarAutoConfiguration:
      Did not match:
         - @ConditionalOnClass did not find required class 'org.apache.pulsar.client.api.PulsarClient' (OnClassCondition)

   PulsarReactiveAutoConfiguration:
      Did not match:
         - @ConditionalOnClass did not find required class 'org.apache.pulsar.client.api.PulsarClient' (OnClassCondition)

   QuartzAutoConfiguration:
      Did not match:
         - @ConditionalOnClass did not find required class 'org.quartz.Scheduler' (OnClassCondition)

   R2dbcAutoConfiguration:
      Did not match:
         - @ConditionalOnClass did not find required class 'io.r2dbc.spi.ConnectionFactory' (OnClassCondition)

   R2dbcDataAutoConfiguration:
      Did not match:
         - @ConditionalOnClass did not find required class 'org.springframework.data.r2dbc.core.R2dbcEntityTemplate' (OnClassCondition)

   R2dbcInitializationConfiguration:
      Did not match:
         - @ConditionalOnClass did not find required classes 'io.r2dbc.spi.ConnectionFactory', 'org.springframework.r2dbc.connection.init.DatabasePopulator' (OnClassCondition)

   R2dbcProxyAutoConfiguration:
      Did not match:
         - @ConditionalOnClass did not find required class 'io.r2dbc.proxy.ProxyConnectionFactory' (OnClassCondition)

   R2dbcRepositoriesAutoConfiguration:
      Did not match:
         - @ConditionalOnClass did not find required class 'io.r2dbc.spi.ConnectionFactory' (OnClassCondition)

   R2dbcTransactionManagerAutoConfiguration:
      Did not match:
         - @ConditionalOnClass did not find required class 'org.springframework.r2dbc.connection.R2dbcTransactionManager' (OnClassCondition)

   RSocketGraphQlClientAutoConfiguration:
      Did not match:
         - @ConditionalOnClass did not find required class 'graphql.GraphQL' (OnClassCondition)

   RSocketMessagingAutoConfiguration:
      Did not match:
         - @ConditionalOnClass did not find required class 'io.rsocket.RSocket' (OnClassCondition)

   RSocketRequesterAutoConfiguration:
      Did not match:
         - @ConditionalOnClass did not find required class 'io.rsocket.RSocket' (OnClassCondition)

   RSocketSecurityAutoConfiguration:
      Did not match:
         - @ConditionalOnClass did not find required class 'org.springframework.security.rsocket.core.SecuritySocketAcceptorInterceptor' (OnClassCondition)

   RSocketServerAutoConfiguration:
      Did not match:
         - @ConditionalOnClass did not find required class 'io.rsocket.core.RSocketServer' (OnClassCondition)

   RSocketStrategiesAutoConfiguration:
      Did not match:
         - @ConditionalOnClass did not find required class 'io.netty.buffer.PooledByteBufAllocator' (OnClassCondition)

   RabbitAutoConfiguration:
      Did not match:
         - @ConditionalOnClass did not find required class 'com.rabbitmq.client.Channel' (OnClassCondition)

   ReactiveElasticsearchClientAutoConfiguration:
      Did not match:
         - @ConditionalOnClass did not find required class 'co.elastic.clients.transport.ElasticsearchTransport' (OnClassCondition)

   ReactiveElasticsearchRepositoriesAutoConfiguration:
      Did not match:
         - @ConditionalOnClass did not find required class 'reactor.core.publisher.Mono' (OnClassCondition)

   ReactiveMultipartAutoConfiguration:
      Did not match:
         - @ConditionalOnClass did not find required class 'org.springframework.web.reactive.config.WebFluxConfigurer' (OnClassCondition)

   ReactiveOAuth2ClientAutoConfiguration:
      Did not match:
         - @ConditionalOnClass did not find required class 'reactor.core.publisher.Flux' (OnClassCondition)

   ReactiveOAuth2ResourceServerAutoConfiguration:
      Did not match:
         - @ConditionalOnWebApplication did not find reactive web application classes (OnWebApplicationCondition)

   ReactiveSecurityAutoConfiguration:
      Did not match:
         - @ConditionalOnClass did not find required class 'reactor.core.publisher.Flux' (OnClassCondition)

   ReactiveUserDetailsServiceAutoConfiguration:
      Did not match:
         - AnyNestedCondition 0 matched 2 did not; NestedCondition on ReactiveUserDetailsServiceAutoConfiguration.RSocketEnabledOrReactiveWebApplication.ReactiveWebApplicationCondition did not find reactive web application classes; NestedCondition on ReactiveUserDetailsServiceAutoConfiguration.RSocketEnabledOrReactiveWebApplication.RSocketSecurityEnabledCondition @ConditionalOnBean (types: org.springframework.messaging.rsocket.annotation.support.RSocketMessageHandler; SearchStrategy: all) did not find any beans of type org.springframework.messaging.rsocket.annotation.support.RSocketMessageHandler (ReactiveUserDetailsServiceAutoConfiguration.RSocketEnabledOrReactiveWebApplication)
      Matched:
         - @ConditionalOnClass found required class 'org.springframework.security.authentication.ReactiveAuthenticationManager' (OnClassCondition)
         - AnyNestedCondition 1 matched 2 did not; NestedCondition on ReactiveUserDetailsServiceAutoConfiguration.MissingAlternativeOrUserPropertiesConfigured.PasswordConfigured @ConditionalOnProperty (spring.security.user.password) did not find property 'password'; NestedCondition on ReactiveUserDetailsServiceAutoConfiguration.MissingAlternativeOrUserPropertiesConfigured.NameConfigured @ConditionalOnProperty (spring.security.user.name) did not find property 'name'; NestedCondition on ReactiveUserDetailsServiceAutoConfiguration.MissingAlternativeOrUserPropertiesConfigured.MissingAlternative @ConditionalOnMissingClass did not find unwanted classes 'org.springframework.security.oauth2.client.registration.ClientRegistrationRepository', 'org.springframework.security.oauth2.server.resource.introspection.ReactiveOpaqueTokenIntrospector' (ReactiveUserDetailsServiceAutoConfiguration.MissingAlternativeOrUserPropertiesConfigured)

   ReactiveWebServerFactoryAutoConfiguration:
      Did not match:
         - @ConditionalOnWebApplication did not find reactive web application classes (OnWebApplicationCondition)

   ReactorAutoConfiguration:
      Did not match:
         - @ConditionalOnClass did not find required class 'reactor.core.publisher.Hooks' (OnClassCondition)

   RedisAutoConfiguration:
      Did not match:
         - @ConditionalOnClass did not find required class 'org.springframework.data.redis.core.RedisOperations' (OnClassCondition)

   RedisCacheConfiguration:
      Did not match:
         - @ConditionalOnClass did not find required class 'org.springframework.data.redis.connection.RedisConnectionFactory' (OnClassCondition)

   RedisReactiveAutoConfiguration:
      Did not match:
         - @ConditionalOnClass did not find required class 'reactor.core.publisher.Flux' (OnClassCondition)

   RedisRepositoriesAutoConfiguration:
      Did not match:
         - @ConditionalOnClass did not find required class 'org.springframework.data.redis.repository.configuration.EnableRedisRepositories' (OnClassCondition)

   RemoteDevToolsAutoConfiguration:
      Did not match:
         - @ConditionalOnProperty (spring.devtools.remote.secret) did not find property 'secret' (OnPropertyCondition)
      Matched:
         - @ConditionalOnClass found required classes 'jakarta.servlet.Filter', 'org.springframework.http.server.ServerHttpRequest' (OnClassCondition)

   RepositoryRestMvcAutoConfiguration:
      Did not match:
         - @ConditionalOnClass did not find required class 'org.springframework.data.rest.webmvc.config.RepositoryRestMvcConfiguration' (OnClassCondition)

   Saml2RelyingPartyAutoConfiguration:
      Did not match:
         - @ConditionalOnClass did not find required class 'org.springframework.security.saml2.provider.service.registration.RelyingPartyRegistrationRepository' (OnClassCondition)

   SecurityDataConfiguration:
      Did not match:
         - @ConditionalOnClass did not find required class 'org.springframework.security.data.repository.query.SecurityEvaluationContextExtension' (OnClassCondition)

   SendGridAutoConfiguration:
      Did not match:
         - @ConditionalOnClass did not find required class 'com.sendgrid.SendGrid' (OnClassCondition)

   ServletWebServerFactoryAutoConfiguration.ForwardedHeaderFilterConfiguration:
      Did not match:
         - @ConditionalOnProperty (server.forward-headers-strategy=framework) did not find property 'server.forward-headers-strategy' (OnPropertyCondition)

   ServletWebServerFactoryConfiguration.EmbeddedJetty:
      Did not match:
         - @ConditionalOnClass did not find required classes 'org.eclipse.jetty.server.Server', 'org.eclipse.jetty.util.Loader', 'org.eclipse.jetty.ee10.webapp.WebAppContext' (OnClassCondition)

   ServletWebServerFactoryConfiguration.EmbeddedUndertow:
      Did not match:
         - @ConditionalOnClass did not find required classes 'io.undertow.Undertow', 'org.xnio.SslClientAuthMode' (OnClassCondition)

   SessionAutoConfiguration:
      Did not match:
         - @ConditionalOnClass did not find required class 'org.springframework.session.Session' (OnClassCondition)

   SpringApplicationAdminJmxAutoConfiguration:
      Did not match:
         - @ConditionalOnProperty (spring.application.admin.enabled=true) did not find property 'enabled' (OnPropertyCondition)

   SpringBootWebSecurityConfiguration.SecurityFilterChainConfiguration:
      Did not match:
         - AllNestedConditions 1 matched 1 did not; NestedCondition on DefaultWebSecurityCondition.Beans @ConditionalOnMissingBean (types: org.springframework.security.web.SecurityFilterChain; SearchStrategy: all) found beans of type 'org.springframework.security.web.SecurityFilterChain' securityFilterChain; NestedCondition on DefaultWebSecurityCondition.Classes @ConditionalOnClass found required classes 'org.springframework.security.web.SecurityFilterChain', 'org.springframework.security.config.annotation.web.builders.HttpSecurity' (DefaultWebSecurityCondition)

   TaskExecutorConfigurations.SimpleAsyncTaskExecutorBuilderConfiguration#simpleAsyncTaskExecutorBuilderVirtualThreads:
      Did not match:
         - @ConditionalOnMissingBean (types: org.springframework.boot.task.SimpleAsyncTaskExecutorBuilder; SearchStrategy: all) found beans of type 'org.springframework.boot.task.SimpleAsyncTaskExecutorBuilder' simpleAsyncTaskExecutorBuilder (OnBeanCondition)

   TaskExecutorConfigurations.TaskExecutorConfiguration#applicationTaskExecutorVirtualThreads:
      Did not match:
         - @ConditionalOnThreading did not find VIRTUAL (OnThreadingCondition)

   TaskSchedulingAutoConfiguration#scheduledBeanLazyInitializationExcludeFilter:
      Did not match:
         - @ConditionalOnBean (names: org.springframework.context.annotation.internalScheduledAnnotationProcessor; SearchStrategy: all) did not find any beans named org.springframework.context.annotation.internalScheduledAnnotationProcessor (OnBeanCondition)

   TaskSchedulingConfigurations.SimpleAsyncTaskSchedulerBuilderConfiguration#simpleAsyncTaskSchedulerBuilderVirtualThreads:
      Did not match:
         - @ConditionalOnMissingBean (types: org.springframework.boot.task.SimpleAsyncTaskSchedulerBuilder; SearchStrategy: all) found beans of type 'org.springframework.boot.task.SimpleAsyncTaskSchedulerBuilder' simpleAsyncTaskSchedulerBuilder (OnBeanCondition)

   TaskSchedulingConfigurations.TaskSchedulerConfiguration:
      Did not match:
         - @ConditionalOnBean (names: org.springframework.context.annotation.internalScheduledAnnotationProcessor; SearchStrategy: all) did not find any beans named org.springframework.context.annotation.internalScheduledAnnotationProcessor (OnBeanCondition)

   TemplateEngineConfigurations.ReactiveTemplateEngineConfiguration:
      Did not match:
         - did not find reactive web application classes (OnWebApplicationCondition)

   ThymeleafAutoConfiguration.DataAttributeDialectConfiguration:
      Did not match:
         - @ConditionalOnClass did not find required class 'com.github.mxab.thymeleaf.extras.dataattribute.dialect.DataAttributeDialect' (OnClassCondition)

   ThymeleafAutoConfiguration.ThymeleafSecurityDialectConfiguration:
      Did not match:
         - @ConditionalOnClass did not find required class 'org.thymeleaf.extras.springsecurity6.dialect.SpringSecurityDialect' (OnClassCondition)

   ThymeleafAutoConfiguration.ThymeleafWebFluxConfiguration:
      Did not match:
         - did not find reactive web application classes (OnWebApplicationCondition)

   ThymeleafAutoConfiguration.ThymeleafWebLayoutConfiguration:
      Did not match:
         - @ConditionalOnClass did not find required class 'nz.net.ultraq.thymeleaf.layoutdialect.LayoutDialect' (OnClassCondition)

   ThymeleafAutoConfiguration.ThymeleafWebMvcConfiguration#resourceUrlEncodingFilter:
      Did not match:
         - @ConditionalOnEnabledResourceChain did not find class org.webjars.WebJarVersionLocator (OnEnabledResourceChainCondition)

   TransactionAutoConfiguration#transactionalOperator:
      Did not match:
         - @ConditionalOnSingleCandidate (types: org.springframework.transaction.ReactiveTransactionManager; SearchStrategy: all) did not find any beans (OnBeanCondition)

   TransactionAutoConfiguration.AspectJTransactionManagementConfiguration:
      Did not match:
         - @ConditionalOnBean (types: org.springframework.transaction.aspectj.AbstractTransactionAspect; SearchStrategy: all) did not find any beans of type org.springframework.transaction.aspectj.AbstractTransactionAspect (OnBeanCondition)

   TransactionAutoConfiguration.EnableTransactionManagementConfiguration.JdkDynamicAutoProxyConfiguration:
      Did not match:
         - @ConditionalOnProperty (spring.aop.proxy-target-class=false) did not find property 'proxy-target-class' (OnPropertyCondition)

   UserDetailsServiceAutoConfiguration:
      Did not match:
         - @ConditionalOnMissingBean (types: org.springframework.security.authentication.AuthenticationManager,org.springframework.security.authentication.AuthenticationProvider,org.springframework.security.core.userdetails.UserDetailsService,org.springframework.security.authentication.AuthenticationManagerResolver,org.springframework.security.oauth2.jwt.JwtDecoder; SearchStrategy: all) found beans of type 'org.springframework.security.core.userdetails.UserDetailsService' userDetailsService and found beans of type 'org.springframework.security.authentication.AuthenticationProvider' authenticationProvider (OnBeanCondition)
      Matched:
         - @ConditionalOnClass found required class 'org.springframework.security.authentication.AuthenticationManager' (OnClassCondition)
         - found 'session' scope (OnWebApplicationCondition)
         - AnyNestedCondition 1 matched 2 did not; NestedCondition on UserDetailsServiceAutoConfiguration.MissingAlternativeOrUserPropertiesConfigured.PasswordConfigured @ConditionalOnProperty (spring.security.user.password) did not find property 'password'; NestedCondition on UserDetailsServiceAutoConfiguration.MissingAlternativeOrUserPropertiesConfigured.NameConfigured @ConditionalOnProperty (spring.security.user.name) did not find property 'name'; NestedCondition on UserDetailsServiceAutoConfiguration.MissingAlternativeOrUserPropertiesConfigured.MissingAlternative @ConditionalOnMissingClass did not find unwanted classes 'org.springframework.security.oauth2.client.registration.ClientRegistrationRepository', 'org.springframework.security.oauth2.server.resource.introspection.OpaqueTokenIntrospector', 'org.springframework.security.saml2.provider.service.registration.RelyingPartyRegistrationRepository' (UserDetailsServiceAutoConfiguration.MissingAlternativeOrUserPropertiesConfigured)

   WebClientAutoConfiguration:
      Did not match:
         - @ConditionalOnClass did not find required class 'org.springframework.web.reactive.function.client.WebClient' (OnClassCondition)

   WebFluxAutoConfiguration:
      Did not match:
         - @ConditionalOnClass did not find required class 'org.springframework.web.reactive.config.WebFluxConfigurer' (OnClassCondition)

   WebMvcAutoConfiguration#hiddenHttpMethodFilter:
      Did not match:
         - @ConditionalOnProperty (spring.mvc.hiddenmethod.filter.enabled) did not find property 'enabled' (OnPropertyCondition)

   WebMvcAutoConfiguration.ProblemDetailsErrorHandlingConfiguration:
      Did not match:
         - @ConditionalOnProperty (spring.mvc.problemdetails.enabled=true) did not find property 'enabled' (OnPropertyCondition)

   WebMvcAutoConfiguration.ResourceChainCustomizerConfiguration:
      Did not match:
         - @ConditionalOnEnabledResourceChain did not find class org.webjars.WebJarVersionLocator (OnEnabledResourceChainCondition)

   WebMvcAutoConfiguration.WebMvcAutoConfigurationAdapter#beanNameViewResolver:
      Did not match:
         - @ConditionalOnBean (types: org.springframework.web.servlet.View; SearchStrategy: all) did not find any beans of type org.springframework.web.servlet.View (OnBeanCondition)

   WebServiceTemplateAutoConfiguration:
      Did not match:
         - @ConditionalOnClass did not find required class 'org.springframework.oxm.Marshaller' (OnClassCondition)

   WebServicesAutoConfiguration:
      Did not match:
         - @ConditionalOnClass did not find required class 'org.springframework.ws.transport.http.MessageDispatcherServlet' (OnClassCondition)

   WebSessionIdResolverAutoConfiguration:
      Did not match:
         - @ConditionalOnClass did not find required class 'reactor.core.publisher.Mono' (OnClassCondition)

   WebSocketMessagingAutoConfiguration:
      Did not match:
         - @ConditionalOnClass did not find required class 'org.springframework.web.socket.config.annotation.WebSocketMessageBrokerConfigurer' (OnClassCondition)

   WebSocketReactiveAutoConfiguration:
      Did not match:
         - @ConditionalOnWebApplication did not find reactive web application classes (OnWebApplicationCondition)

   WebSocketServletAutoConfiguration.JettyWebSocketConfiguration:
      Did not match:
         - @ConditionalOnClass did not find required class 'org.eclipse.jetty.ee10.websocket.jakarta.server.config.JakartaWebSocketServletContainerInitializer' (OnClassCondition)

   WebSocketServletAutoConfiguration.UndertowWebSocketConfiguration:
      Did not match:
         - @ConditionalOnClass did not find required class 'io.undertow.websockets.jsr.Bootstrap' (OnClassCondition)

   XADataSourceAutoConfiguration:
      Did not match:
         - @ConditionalOnBean (types: org.springframework.boot.jdbc.XADataSourceWrapper; SearchStrategy: all) did not find any beans of type org.springframework.boot.jdbc.XADataSourceWrapper (OnBeanCondition)
      Matched:
         - @ConditionalOnClass found required classes 'javax.sql.DataSource', 'jakarta.transaction.TransactionManager', 'org.springframework.jdbc.datasource.embedded.EmbeddedDatabaseType' (OnClassCondition)


Exclusions:
-----------

    None


Unconditional classes:
----------------------

    org.springframework.boot.autoconfigure.context.ConfigurationPropertiesAutoConfiguration

    org.springframework.boot.autoconfigure.ssl.SslAutoConfiguration

    org.springframework.boot.autoconfigure.context.PropertyPlaceholderAutoConfiguration

    org.springframework.boot.autoconfigure.context.LifecycleAutoConfiguration

    org.springframework.boot.autoconfigure.availability.ApplicationAvailabilityAutoConfiguration

    org.springframework.boot.autoconfigure.info.ProjectInfoAutoConfiguration



2026-05-05T20:10:53.905+05:30  INFO 48328 --- [Job Portal Management System] [  restartedMain] c.arjun.jobportal.JobPortalApplication   : Started JobPortalApplication in 10.301 seconds (process running for 10.568)
2026-05-05T20:10:53.906+05:30 DEBUG 48328 --- [Job Portal Management System] [  restartedMain] o.s.b.a.ApplicationAvailabilityBean      : Application availability state LivenessState changed to CORRECT
2026-05-05T20:10:54.007+05:30 DEBUG 48328 --- [Job Portal Management System] [  restartedMain] org.hibernate.SQL                        : select count(*) from app_users au1_0
2026-05-05T20:10:54.043+05:30 DEBUG 48328 --- [Job Portal Management System] [  restartedMain] org.hibernate.SQL                        : select j1_0.id,j1_0.active,j1_0.approval_status,j1_0.category,j1_0.description,j1_0.employer_id,j1_0.experience,j1_0.location,j1_0.posted_at,j1_0.salary,j1_0.skills_required,j1_0.title from job j1_0
2026-05-05T20:10:54.110+05:30 DEBUG 48328 --- [Job Portal Management System] [  restartedMain] org.hibernate.SQL                        : select au1_0.id,au1_0.company_name,au1_0.email,au1_0.experience,au1_0.full_name,au1_0.location,au1_0.password,au1_0.phone,au1_0.resume_path,au1_0.role,au1_0.skills,au1_0.username from app_users au1_0 where au1_0.email=?
2026-05-05T20:10:54.279+05:30 DEBUG 48328 --- [Job Portal Management System] [  restartedMain] org.hibernate.SQL                        : select au1_0.id,au1_0.company_name,au1_0.email,au1_0.experience,au1_0.full_name,au1_0.location,au1_0.password,au1_0.phone,au1_0.resume_path,au1_0.role,au1_0.skills,au1_0.username,a1_0.student_id,a1_0.id,a1_0.applied_at,a1_0.cover_note,a1_0.job_id,a1_0.resume_path,a1_0.status from app_users au1_0 left join job_application a1_0 on au1_0.id=a1_0.student_id where au1_0.id=?
2026-05-05T20:10:54.284+05:30 DEBUG 48328 --- [Job Portal Management System] [  restartedMain] org.hibernate.SQL                        : select j1_0.employer_id,j1_0.id,j1_0.active,j1_0.approval_status,j1_0.category,j1_0.description,j1_0.experience,j1_0.location,j1_0.posted_at,j1_0.salary,j1_0.skills_required,j1_0.title from job j1_0 where j1_0.employer_id=?
2026-05-05T20:10:54.373+05:30 DEBUG 48328 --- [Job Portal Management System] [  restartedMain] org.hibernate.SQL                        : update app_users set company_name=?,email=?,experience=?,full_name=?,location=?,password=?,phone=?,resume_path=?,role=?,skills=?,username=? where id=?
2026-05-05T20:10:54.389+05:30 DEBUG 48328 --- [Job Portal Management System] [  restartedMain] org.hibernate.SQL                        : select au1_0.id,au1_0.company_name,au1_0.email,au1_0.experience,au1_0.full_name,au1_0.location,au1_0.password,au1_0.phone,au1_0.resume_path,au1_0.role,au1_0.skills,au1_0.username from app_users au1_0 where au1_0.email=?
2026-05-05T20:10:54.392+05:30 DEBUG 48328 --- [Job Portal Management System] [  restartedMain] org.hibernate.SQL                        : select au1_0.id,au1_0.company_name,au1_0.email,au1_0.experience,au1_0.full_name,au1_0.location,au1_0.password,au1_0.phone,au1_0.resume_path,au1_0.role,au1_0.skills,au1_0.username,a1_0.student_id,a1_0.id,a1_0.applied_at,a1_0.cover_note,a1_0.job_id,a1_0.resume_path,a1_0.status from app_users au1_0 left join job_application a1_0 on au1_0.id=a1_0.student_id where au1_0.id=?
2026-05-05T20:10:54.396+05:30 DEBUG 48328 --- [Job Portal Management System] [  restartedMain] org.hibernate.SQL                        : select j1_0.employer_id,j1_0.id,j1_0.active,j1_0.approval_status,j1_0.category,j1_0.description,j1_0.experience,j1_0.location,j1_0.posted_at,j1_0.salary,j1_0.skills_required,j1_0.title from job j1_0 where j1_0.employer_id=?
2026-05-05T20:10:54.408+05:30 DEBUG 48328 --- [Job Portal Management System] [  restartedMain] org.hibernate.SQL                        : select au1_0.id,au1_0.company_name,au1_0.email,au1_0.experience,au1_0.full_name,au1_0.location,au1_0.password,au1_0.phone,au1_0.resume_path,au1_0.role,au1_0.skills,au1_0.username from app_users au1_0 where au1_0.email=?
2026-05-05T20:10:54.412+05:30 DEBUG 48328 --- [Job Portal Management System] [  restartedMain] org.hibernate.SQL                        : select au1_0.id,au1_0.company_name,au1_0.email,au1_0.experience,au1_0.full_name,au1_0.location,au1_0.password,au1_0.phone,au1_0.resume_path,au1_0.role,au1_0.skills,au1_0.username,a1_0.student_id,a1_0.id,a1_0.applied_at,a1_0.cover_note,a1_0.job_id,a1_0.resume_path,a1_0.status from app_users au1_0 left join job_application a1_0 on au1_0.id=a1_0.student_id where au1_0.id=?
2026-05-05T20:10:54.418+05:30 DEBUG 48328 --- [Job Portal Management System] [  restartedMain] org.hibernate.SQL                        : select j1_0.employer_id,j1_0.id,j1_0.active,j1_0.approval_status,j1_0.category,j1_0.description,j1_0.experience,j1_0.location,j1_0.posted_at,j1_0.salary,j1_0.skills_required,j1_0.title from job j1_0 where j1_0.employer_id=?
2026-05-05T20:10:54.428+05:30 DEBUG 48328 --- [Job Portal Management System] [  restartedMain] o.s.boot.devtools.restart.Restarter      : Creating new Restarter for thread Thread[#3,main,5,main]
2026-05-05T20:10:54.428+05:30 DEBUG 48328 --- [Job Portal Management System] [  restartedMain] o.s.boot.devtools.restart.Restarter      : Immediately restarting application
2026-05-05T20:10:54.428+05:30 DEBUG 48328 --- [Job Portal Management System] [  restartedMain] o.s.boot.devtools.restart.Restarter      : Starting application com.arjun.jobportal.JobPortalApplication with URLs [file:/C:/Users/arjun/OneDrive/Desktop/JoB_ARJ/target/classes/]
2026-05-05T20:10:54.430+05:30 DEBUG 48328 --- [Job Portal Management System] [  restartedMain] o.s.b.a.ApplicationAvailabilityBean      : Application availability state ReadinessState changed to ACCEPTING_TRAFFIC
2026-05-05T20:11:04.991+05:30  INFO 48328 --- [Job Portal Management System] [nio-8080-exec-1] o.a.c.c.C.[Tomcat].[localhost].[/]       : Initializing Spring DispatcherServlet 'dispatcherServlet'
2026-05-05T20:11:04.991+05:30  INFO 48328 --- [Job Portal Management System] [nio-8080-exec-1] o.s.web.servlet.DispatcherServlet        : Initializing Servlet 'dispatcherServlet'
2026-05-05T20:11:04.991+05:30 DEBUG 48328 --- [Job Portal Management System] [nio-8080-exec-1] o.s.web.servlet.DispatcherServlet        : Detected StandardServletMultipartResolver
2026-05-05T20:11:05.006+05:30 DEBUG 48328 --- [Job Portal Management System] [nio-8080-exec-1] o.s.web.servlet.DispatcherServlet        : Detected AcceptHeaderLocaleResolver
2026-05-05T20:11:05.007+05:30 DEBUG 48328 --- [Job Portal Management System] [nio-8080-exec-1] o.s.web.servlet.DispatcherServlet        : Detected FixedThemeResolver
2026-05-05T20:11:05.008+05:30 DEBUG 48328 --- [Job Portal Management System] [nio-8080-exec-1] o.s.web.servlet.DispatcherServlet        : Detected org.springframework.web.servlet.view.DefaultRequestToViewNameTranslator@76ba8af0
2026-05-05T20:11:05.009+05:30 DEBUG 48328 --- [Job Portal Management System] [nio-8080-exec-1] o.s.web.servlet.DispatcherServlet        : Detected org.springframework.web.servlet.support.SessionFlashMapManager@7dfda0ba
2026-05-05T20:11:05.009+05:30 DEBUG 48328 --- [Job Portal Management System] [nio-8080-exec-1] o.s.web.servlet.DispatcherServlet        : enableLoggingRequestDetails='false': request parameters and headers will be masked to prevent unsafe logging of potentially sensitive data
2026-05-05T20:11:05.009+05:30  INFO 48328 --- [Job Portal Management System] [nio-8080-exec-1] o.s.web.servlet.DispatcherServlet        : Completed initialization in 18 ms
2026-05-05T20:11:05.044+05:30 DEBUG 48328 --- [Job Portal Management System] [nio-8080-exec-1] o.s.web.servlet.DispatcherServlet        : GET "/", parameters={}
2026-05-05T20:11:05.044+05:30 DEBUG 48328 --- [Job Portal Management System] [nio-8080-exec-1] s.w.s.m.m.a.RequestMappingHandlerMapping : Mapped to com.arjun.jobportal.controller.MainController#home(Model)
2026-05-05T20:11:05.058+05:30 DEBUG 48328 --- [Job Portal Management System] [nio-8080-exec-1] org.hibernate.SQL                        : select j1_0.id,j1_0.active,j1_0.approval_status,j1_0.category,j1_0.description,j1_0.employer_id,j1_0.experience,j1_0.location,j1_0.posted_at,j1_0.salary,j1_0.skills_required,j1_0.title from job j1_0 where j1_0.active and j1_0.approval_status=? order by j1_0.posted_at desc
2026-05-05T20:11:05.074+05:30 DEBUG 48328 --- [Job Portal Management System] [nio-8080-exec-1] org.hibernate.SQL                        : select au1_0.id,au1_0.company_name,au1_0.email,au1_0.experience,au1_0.full_name,au1_0.location,au1_0.password,au1_0.phone,au1_0.resume_path,au1_0.role,au1_0.skills,au1_0.username from app_users au1_0 where au1_0.role=?
2026-05-05T20:11:05.093+05:30 DEBUG 48328 --- [Job Portal Management System] [nio-8080-exec-1] org.hibernate.SQL                        : select au1_0.id,au1_0.company_name,au1_0.email,au1_0.experience,au1_0.full_name,au1_0.location,au1_0.password,au1_0.phone,au1_0.resume_path,au1_0.role,au1_0.skills,au1_0.username from app_users au1_0 where au1_0.role=?
2026-05-05T20:11:05.108+05:30 DEBUG 48328 --- [Job Portal Management System] [nio-8080-exec-1] o.s.w.s.v.ContentNegotiatingViewResolver : Selected '*/*' given [*/*]
2026-05-05T20:11:05.544+05:30 DEBUG 48328 --- [Job Portal Management System] [nio-8080-exec-1] o.s.web.servlet.DispatcherServlet        : Completed 200 OK
2026-05-05T20:12:00.920+05:30 DEBUG 48328 --- [Job Portal Management System] [nio-8080-exec-3] o.s.web.servlet.DispatcherServlet        : GET "/", parameters={}
2026-05-05T20:12:00.920+05:30 DEBUG 48328 --- [Job Portal Management System] [nio-8080-exec-3] s.w.s.m.m.a.RequestMappingHandlerMapping : Mapped to com.arjun.jobportal.controller.MainController#home(Model)
2026-05-05T20:12:00.927+05:30 DEBUG 48328 --- [Job Portal Management System] [nio-8080-exec-3] org.hibernate.SQL                        : select j1_0.id,j1_0.active,j1_0.approval_status,j1_0.category,j1_0.description,j1_0.employer_id,j1_0.experience,j1_0.location,j1_0.posted_at,j1_0.salary,j1_0.skills_required,j1_0.title from job j1_0 where j1_0.active and j1_0.approval_status=? order by j1_0.posted_at desc
2026-05-05T20:12:00.934+05:30 DEBUG 48328 --- [Job Portal Management System] [nio-8080-exec-3] org.hibernate.SQL                        : select au1_0.id,au1_0.company_name,au1_0.email,au1_0.experience,au1_0.full_name,au1_0.location,au1_0.password,au1_0.phone,au1_0.resume_path,au1_0.role,au1_0.skills,au1_0.username from app_users au1_0 where au1_0.role=?
2026-05-05T20:12:00.938+05:30 DEBUG 48328 --- [Job Portal Management System] [nio-8080-exec-3] org.hibernate.SQL                        : select au1_0.id,au1_0.company_name,au1_0.email,au1_0.experience,au1_0.full_name,au1_0.location,au1_0.password,au1_0.phone,au1_0.resume_path,au1_0.role,au1_0.skills,au1_0.username from app_users au1_0 where au1_0.role=?
2026-05-05T20:12:00.941+05:30 DEBUG 48328 --- [Job Portal Management System] [nio-8080-exec-3] o.s.w.s.v.ContentNegotiatingViewResolver : Selected 'text/html' given [text/html, application/xhtml+xml, image/avif, image/webp, image/apng, application/xml;q=0.9, */*;q=0.8, application/signed-exchange;v=b3;q=0.7]
2026-05-05T20:12:00.958+05:30 DEBUG 48328 --- [Job Portal Management System] [nio-8080-exec-3] o.s.web.servlet.DispatcherServlet        : Completed 200 OK
2026-05-05T20:12:00.998+05:30 DEBUG 48328 --- [Job Portal Management System] [nio-8080-exec-5] o.s.web.servlet.DispatcherServlet        : GET "/js/app.js", parameters={}
2026-05-05T20:12:00.998+05:30 DEBUG 48328 --- [Job Portal Management System] [nio-8080-exec-2] o.s.web.servlet.DispatcherServlet        : GET "/css/styles.css", parameters={}
2026-05-05T20:12:00.999+05:30 DEBUG 48328 --- [Job Portal Management System] [nio-8080-exec-5] o.s.w.s.handler.SimpleUrlHandlerMapping  : Mapped to ResourceHttpRequestHandler [classpath [META-INF/resources/], classpath [resources/], classpath [static/], classpath [public/], ServletContext [/]]
2026-05-05T20:12:00.999+05:30 DEBUG 48328 --- [Job Portal Management System] [nio-8080-exec-2] o.s.w.s.handler.SimpleUrlHandlerMapping  : Mapped to ResourceHttpRequestHandler [classpath [META-INF/resources/], classpath [resources/], classpath [static/], classpath [public/], ServletContext [/]]
2026-05-05T20:12:01.015+05:30 DEBUG 48328 --- [Job Portal Management System] [nio-8080-exec-5] o.s.web.servlet.DispatcherServlet        : Completed 200 OK
2026-05-05T20:12:01.015+05:30 DEBUG 48328 --- [Job Portal Management System] [nio-8080-exec-2] o.s.web.servlet.DispatcherServlet        : Completed 200 OK
2026-05-05T20:12:01.066+05:30 DEBUG 48328 --- [Job Portal Management System] [nio-8080-exec-7] o.s.web.servlet.DispatcherServlet        : GET "/login", parameters={}
2026-05-05T20:12:01.067+05:30 DEBUG 48328 --- [Job Portal Management System] [nio-8080-exec-7] s.w.s.m.m.a.RequestMappingHandlerMapping : Mapped to com.arjun.jobportal.controller.MainController#login(Model)
2026-05-05T20:12:01.073+05:30 DEBUG 48328 --- [Job Portal Management System] [nio-8080-exec-7] o.s.w.s.v.ContentNegotiatingViewResolver : Selected '*/*' given [image/avif, image/webp, image/apng, image/svg+xml, image/*, */*;q=0.8]
2026-05-05T20:12:01.108+05:30 DEBUG 48328 --- [Job Portal Management System] [nio-8080-exec-7] o.s.web.servlet.DispatcherServlet        : Completed 200 OK
2026-05-05T20:12:06.248+05:30 DEBUG 48328 --- [Job Portal Management System] [nio-8080-exec-8] o.s.web.servlet.DispatcherServlet        : GET "/register", parameters={}
2026-05-05T20:12:06.250+05:30 DEBUG 48328 --- [Job Portal Management System] [nio-8080-exec-8] s.w.s.m.m.a.RequestMappingHandlerMapping : Mapped to com.arjun.jobportal.controller.MainController#register(Model)
2026-05-05T20:12:06.258+05:30 DEBUG 48328 --- [Job Portal Management System] [nio-8080-exec-8] o.s.w.s.v.ContentNegotiatingViewResolver : Selected 'text/html' given [text/html, application/xhtml+xml, image/avif, image/webp, image/apng, application/xml;q=0.9, */*;q=0.8, application/signed-exchange;v=b3;q=0.7]
2026-05-05T20:12:06.308+05:30 DEBUG 48328 --- [Job Portal Management System] [nio-8080-exec-8] o.s.web.servlet.DispatcherServlet        : Completed 200 OK
2026-05-05T20:12:06.326+05:30 DEBUG 48328 --- [Job Portal Management System] [nio-8080-exec-9] o.s.web.servlet.DispatcherServlet        : GET "/css/styles.css", parameters={}
2026-05-05T20:12:06.328+05:30 DEBUG 48328 --- [Job Portal Management System] [nio-8080-exec-9] o.s.w.s.handler.SimpleUrlHandlerMapping  : Mapped to ResourceHttpRequestHandler [classpath [META-INF/resources/], classpath [resources/], classpath [static/], classpath [public/], ServletContext [/]]
2026-05-05T20:12:06.330+05:30 DEBUG 48328 --- [Job Portal Management System] [nio-8080-exec-9] o.s.web.servlet.DispatcherServlet        : Completed 200 OK
2026-05-05T20:12:06.339+05:30 DEBUG 48328 --- [Job Portal Management System] [io-8080-exec-10] o.s.web.servlet.DispatcherServlet        : GET "/js/app.js?v=1777992126308", parameters={masked}
2026-05-05T20:12:06.340+05:30 DEBUG 48328 --- [Job Portal Management System] [io-8080-exec-10] o.s.w.s.handler.SimpleUrlHandlerMapping  : Mapped to ResourceHttpRequestHandler [classpath [META-INF/resources/], classpath [resources/], classpath [static/], classpath [public/], ServletContext [/]]
2026-05-05T20:12:06.343+05:30 DEBUG 48328 --- [Job Portal Management System] [io-8080-exec-10] o.s.web.servlet.DispatcherServlet        : Completed 200 OK
2026-05-05T20:12:06.476+05:30 DEBUG 48328 --- [Job Portal Management System] [nio-8080-exec-4] o.s.web.servlet.DispatcherServlet        : GET "/login", parameters={}
2026-05-05T20:12:06.476+05:30 DEBUG 48328 --- [Job Portal Management System] [nio-8080-exec-4] s.w.s.m.m.a.RequestMappingHandlerMapping : Mapped to com.arjun.jobportal.controller.MainController#login(Model)
2026-05-05T20:12:06.476+05:30 DEBUG 48328 --- [Job Portal Management System] [nio-8080-exec-4] o.s.w.s.v.ContentNegotiatingViewResolver : Selected '*/*' given [image/avif, image/webp, image/apng, image/svg+xml, image/*, */*;q=0.8]
2026-05-05T20:12:06.498+05:30 DEBUG 48328 --- [Job Portal Management System] [nio-8080-exec-4] o.s.web.servlet.DispatcherServlet        : Completed 200 OK
2026-05-05T20:13:36.119+05:30 DEBUG 48328 --- [Job Portal Management System] [nio-8080-exec-2] o.s.web.servlet.DispatcherServlet        : POST "/register", parameters={masked}
2026-05-05T20:13:36.119+05:30 DEBUG 48328 --- [Job Portal Management System] [nio-8080-exec-2] s.w.s.m.m.a.RequestMappingHandlerMapping : Mapped to com.arjun.jobportal.controller.MainController#register(AppUser, BindingResult, String, String, Model)
2026-05-05T20:13:36.158+05:30 DEBUG 48328 --- [Job Portal Management System] [nio-8080-exec-2] org.hibernate.SQL                        : select au1_0.id from app_users au1_0 where au1_0.email=? limit ?
2026-05-05T20:13:36.175+05:30 DEBUG 48328 --- [Job Portal Management System] [nio-8080-exec-2] org.hibernate.SQL                        : select au1_0.id from app_users au1_0 where au1_0.username=? limit ?
2026-05-05T20:13:36.175+05:30 DEBUG 48328 --- [Job Portal Management System] [nio-8080-exec-2] org.hibernate.SQL                        : select au1_0.id,au1_0.company_name,au1_0.email,au1_0.experience,au1_0.full_name,au1_0.location,au1_0.password,au1_0.phone,au1_0.resume_path,au1_0.role,au1_0.skills,au1_0.username from app_users au1_0
2026-05-05T20:13:36.208+05:30 DEBUG 48328 --- [Job Portal Management System] [nio-8080-exec-2] o.s.web.client.DefaultRestClient         : Writing [{authkey=[514091AaxeOuDasH69f9c807P1], access-token=[eyJ0eXAiOiJKV1QiLCJhbGciOiJIUzI1NiJ9.eyJyZXF1ZXN0SWQiOiIzNjY1NjU2ZTUxNjkzNTM5MzEzNTMyMzkiLCJjb21wYW55SWQiOjUxNDA5MX0.7A-X5GTYTkaDAjDruY_ZdF74UvPwtjb9be8ZdGxPpHQ]}] as "application/x-www-form-urlencoded" with org.springframework.http.converter.support.AllEncompassingFormHttpMessageConverter
2026-05-05T20:13:37.286+05:30 DEBUG 48328 --- [Job Portal Management System] [nio-8080-exec-2] o.s.web.client.DefaultRestClient         : Reading to [java.lang.String] as "application/json"
2026-05-05T20:13:37.325+05:30 DEBUG 48328 --- [Job Portal Management System] [nio-8080-exec-2] o.s.web.client.DefaultRestClient         : Writing [{authkey=514091AaxeOuDasH69f9c807P1, access-token=eyJ0eXAiOiJKV1QiLCJhbGciOiJIUzI1NiJ9.eyJyZXF1ZXN0SWQiOiIzNjY1NjU2ZTUxNjkzNTM5MzEzNTMyMzkiLCJjb21wYW55SWQiOjUxNDA5MX0.7A-X5GTYTkaDAjDruY_ZdF74UvPwtjb9be8ZdGxPpHQ}] as "application/json" with org.springframework.http.converter.json.MappingJackson2HttpMessageConverter
2026-05-05T20:13:37.690+05:30 DEBUG 48328 --- [Job Portal Management System] [nio-8080-exec-2] o.s.web.client.DefaultRestClient         : Reading to [java.lang.String] as "application/json"
2026-05-05T20:13:37.823+05:30 DEBUG 48328 --- [Job Portal Management System] [nio-8080-exec-2] org.hibernate.SQL                        : insert into app_users (company_name,email,experience,full_name,location,password,phone,resume_path,role,skills,username) values (?,?,?,?,?,?,?,?,?,?,?)
2026-05-05T20:13:37.858+05:30 DEBUG 48328 --- [Job Portal Management System] [nio-8080-exec-2] o.s.web.servlet.view.RedirectView        : View name [redirect:], model {}
2026-05-05T20:13:37.860+05:30 DEBUG 48328 --- [Job Portal Management System] [nio-8080-exec-2] o.s.web.servlet.DispatcherServlet        : Completed 302 FOUND
2026-05-05T20:13:37.865+05:30 DEBUG 48328 --- [Job Portal Management System] [nio-8080-exec-6] o.s.web.servlet.DispatcherServlet        : GET "/register?registered", parameters={masked}
2026-05-05T20:13:37.866+05:30 DEBUG 48328 --- [Job Portal Management System] [nio-8080-exec-6] s.w.s.m.m.a.RequestMappingHandlerMapping : Mapped to com.arjun.jobportal.controller.MainController#register(Model)
2026-05-05T20:13:37.868+05:30 DEBUG 48328 --- [Job Portal Management System] [nio-8080-exec-6] o.s.w.s.v.ContentNegotiatingViewResolver : Selected 'text/html' given [text/html, application/xhtml+xml, image/avif, image/webp, image/apng, application/xml;q=0.9, */*;q=0.8, application/signed-exchange;v=b3;q=0.7]
2026-05-05T20:13:37.882+05:30 DEBUG 48328 --- [Job Portal Management System] [nio-8080-exec-6] o.s.web.servlet.DispatcherServlet        : Completed 200 OK
2026-05-05T20:13:37.900+05:30 DEBUG 48328 --- [Job Portal Management System] [nio-8080-exec-7] o.s.web.servlet.DispatcherServlet        : GET "/css/styles.css", parameters={}
2026-05-05T20:13:37.901+05:30 DEBUG 48328 --- [Job Portal Management System] [nio-8080-exec-8] o.s.web.servlet.DispatcherServlet        : GET "/js/app.js?v=1777992217882", parameters={masked}
2026-05-05T20:13:37.902+05:30 DEBUG 48328 --- [Job Portal Management System] [nio-8080-exec-8] o.s.w.s.handler.SimpleUrlHandlerMapping  : Mapped to ResourceHttpRequestHandler [classpath [META-INF/resources/], classpath [resources/], classpath [static/], classpath [public/], ServletContext [/]]
2026-05-05T20:13:37.902+05:30 DEBUG 48328 --- [Job Portal Management System] [nio-8080-exec-7] o.s.w.s.handler.SimpleUrlHandlerMapping  : Mapped to ResourceHttpRequestHandler [classpath [META-INF/resources/], classpath [resources/], classpath [static/], classpath [public/], ServletContext [/]]
2026-05-05T20:13:37.904+05:30 DEBUG 48328 --- [Job Portal Management System] [nio-8080-exec-8] o.s.web.servlet.DispatcherServlet        : Completed 200 OK
2026-05-05T20:13:37.904+05:30 DEBUG 48328 --- [Job Portal Management System] [nio-8080-exec-7] o.s.web.servlet.DispatcherServlet        : Completed 200 OK
2026-05-05T20:13:38.009+05:30 DEBUG 48328 --- [Job Portal Management System] [io-8080-exec-10] o.s.web.servlet.DispatcherServlet        : GET "/login", parameters={}
2026-05-05T20:13:38.009+05:30 DEBUG 48328 --- [Job Portal Management System] [io-8080-exec-10] s.w.s.m.m.a.RequestMappingHandlerMapping : Mapped to com.arjun.jobportal.controller.MainController#login(Model)
2026-05-05T20:13:38.009+05:30 DEBUG 48328 --- [Job Portal Management System] [io-8080-exec-10] o.s.w.s.v.ContentNegotiatingViewResolver : Selected '*/*' given [image/avif, image/webp, image/apng, image/svg+xml, image/*, */*;q=0.8]
2026-05-05T20:13:38.009+05:30 DEBUG 48328 --- [Job Portal Management System] [io-8080-exec-10] o.s.web.servlet.DispatcherServlet        : Completed 200 OK
2026-05-05T20:13:41.341+05:30 DEBUG 48328 --- [Job Portal Management System] [nio-8080-exec-1] o.s.web.servlet.DispatcherServlet        : GET "/login", parameters={}
2026-05-05T20:13:41.351+05:30 DEBUG 48328 --- [Job Portal Management System] [nio-8080-exec-1] s.w.s.m.m.a.RequestMappingHandlerMapping : Mapped to com.arjun.jobportal.controller.MainController#login(Model)
2026-05-05T20:13:41.353+05:30 DEBUG 48328 --- [Job Portal Management System] [nio-8080-exec-1] o.s.w.s.v.ContentNegotiatingViewResolver : Selected 'text/html' given [text/html, application/xhtml+xml, image/avif, image/webp, image/apng, application/xml;q=0.9, */*;q=0.8, application/signed-exchange;v=b3;q=0.7]
2026-05-05T20:13:41.370+05:30 DEBUG 48328 --- [Job Portal Management System] [nio-8080-exec-1] o.s.web.servlet.DispatcherServlet        : Completed 200 OK
2026-05-05T20:13:41.372+05:30 DEBUG 48328 --- [Job Portal Management System] [nio-8080-exec-4] o.s.web.servlet.DispatcherServlet        : GET "/css/styles.css", parameters={}
2026-05-05T20:13:41.372+05:30 DEBUG 48328 --- [Job Portal Management System] [nio-8080-exec-3] o.s.web.servlet.DispatcherServlet        : GET "/js/app.js?v=1777992221358", parameters={masked}
2026-05-05T20:13:41.372+05:30 DEBUG 48328 --- [Job Portal Management System] [nio-8080-exec-4] o.s.w.s.handler.SimpleUrlHandlerMapping  : Mapped to ResourceHttpRequestHandler [classpath [META-INF/resources/], classpath [resources/], classpath [static/], classpath [public/], ServletContext [/]]
2026-05-05T20:13:41.372+05:30 DEBUG 48328 --- [Job Portal Management System] [nio-8080-exec-3] o.s.w.s.handler.SimpleUrlHandlerMapping  : Mapped to ResourceHttpRequestHandler [classpath [META-INF/resources/], classpath [resources/], classpath [static/], classpath [public/], ServletContext [/]]
2026-05-05T20:13:41.377+05:30 DEBUG 48328 --- [Job Portal Management System] [nio-8080-exec-3] o.s.web.servlet.DispatcherServlet        : Completed 200 OK
2026-05-05T20:13:41.379+05:30 DEBUG 48328 --- [Job Portal Management System] [nio-8080-exec-4] o.s.web.servlet.DispatcherServlet        : Completed 200 OK
2026-05-05T20:13:41.441+05:30 DEBUG 48328 --- [Job Portal Management System] [nio-8080-exec-2] o.s.web.servlet.DispatcherServlet        : GET "/login", parameters={}
2026-05-05T20:13:41.441+05:30 DEBUG 48328 --- [Job Portal Management System] [nio-8080-exec-2] s.w.s.m.m.a.RequestMappingHandlerMapping : Mapped to com.arjun.jobportal.controller.MainController#login(Model)
2026-05-05T20:13:41.441+05:30 DEBUG 48328 --- [Job Portal Management System] [nio-8080-exec-2] o.s.w.s.v.ContentNegotiatingViewResolver : Selected '*/*' given [image/avif, image/webp, image/apng, image/svg+xml, image/*, */*;q=0.8]
2026-05-05T20:13:41.463+05:30 DEBUG 48328 --- [Job Portal Management System] [nio-8080-exec-2] o.s.web.servlet.DispatcherServlet        : Completed 200 OK
2026-05-05T20:14:04.152+05:30 DEBUG 48328 --- [Job Portal Management System] [nio-8080-exec-6] o.s.web.servlet.DispatcherServlet        : GET "/login/otp/check-phone?phone=9502155637", parameters={masked}
2026-05-05T20:14:04.156+05:30 DEBUG 48328 --- [Job Portal Management System] [nio-8080-exec-6] s.w.s.m.m.a.RequestMappingHandlerMapping : Mapped to com.arjun.jobportal.controller.MainController#checkOtpLoginPhone(String)
2026-05-05T20:14:04.162+05:30 DEBUG 48328 --- [Job Portal Management System] [nio-8080-exec-6] org.hibernate.SQL                        : select au1_0.id,au1_0.company_name,au1_0.email,au1_0.experience,au1_0.full_name,au1_0.location,au1_0.password,au1_0.phone,au1_0.resume_path,au1_0.role,au1_0.skills,au1_0.username from app_users au1_0
2026-05-05T20:14:04.178+05:30 DEBUG 48328 --- [Job Portal Management System] [nio-8080-exec-6] m.m.a.RequestResponseBodyMethodProcessor : Using 'application/json', given [*/*] and supported [application/json, application/*+json]
2026-05-05T20:14:04.180+05:30 DEBUG 48328 --- [Job Portal Management System] [nio-8080-exec-6] m.m.a.RequestResponseBodyMethodProcessor : Writing [{registered=true, message=Mobile number found.}]
2026-05-05T20:14:04.183+05:30 DEBUG 48328 --- [Job Portal Management System] [nio-8080-exec-6] o.s.web.servlet.DispatcherServlet        : Completed 200 OK
2026-05-05T20:14:16.976+05:30 DEBUG 48328 --- [Job Portal Management System] [nio-8080-exec-7] o.s.web.servlet.DispatcherServlet        : POST "/login/otp", parameters={masked}
2026-05-05T20:14:16.989+05:30 DEBUG 48328 --- [Job Portal Management System] [nio-8080-exec-7] s.w.s.m.m.a.RequestMappingHandlerMapping : Mapped to com.arjun.jobportal.controller.MainController#loginWithOtp(String, String, String, HttpServletRequest, Model)
2026-05-05T20:14:16.992+05:30 DEBUG 48328 --- [Job Portal Management System] [nio-8080-exec-7] o.s.web.client.DefaultRestClient         : Writing [{authkey=[514091AaxeOuDasH69f9c807P1], access-token=[eyJ0eXAiOiJKV1QiLCJhbGciOiJIUzI1NiJ9.eyJyZXF1ZXN0SWQiOiIzNjY1NjU2ZTUyNjQzMTMxMzQzNzM0MzAiLCJjb21wYW55SWQiOjUxNDA5MX0.QwL7757ytRyCG8RKGRKJm-yiE5Dg6SxYOR2AteH8ndo]}] as "application/x-www-form-urlencoded" with org.springframework.http.converter.support.AllEncompassingFormHttpMessageConverter
2026-05-05T20:14:17.667+05:30 DEBUG 48328 --- [Job Portal Management System] [nio-8080-exec-7] o.s.web.client.DefaultRestClient         : Reading to [java.lang.String] as "application/json"
2026-05-05T20:14:17.675+05:30 DEBUG 48328 --- [Job Portal Management System] [nio-8080-exec-7] o.s.web.client.DefaultRestClient         : Writing [{authkey=514091AaxeOuDasH69f9c807P1, access-token=eyJ0eXAiOiJKV1QiLCJhbGciOiJIUzI1NiJ9.eyJyZXF1ZXN0SWQiOiIzNjY1NjU2ZTUyNjQzMTMxMzQzNzM0MzAiLCJjb21wYW55SWQiOjUxNDA5MX0.QwL7757ytRyCG8RKGRKJm-yiE5Dg6SxYOR2AteH8ndo}] as "application/json" with org.springframework.http.converter.json.MappingJackson2HttpMessageConverter
2026-05-05T20:14:18.074+05:30 DEBUG 48328 --- [Job Portal Management System] [nio-8080-exec-7] o.s.web.client.DefaultRestClient         : Reading to [java.lang.String] as "application/json"
2026-05-05T20:14:18.083+05:30 DEBUG 48328 --- [Job Portal Management System] [nio-8080-exec-7] org.hibernate.SQL                        : select au1_0.id,au1_0.company_name,au1_0.email,au1_0.experience,au1_0.full_name,au1_0.location,au1_0.password,au1_0.phone,au1_0.resume_path,au1_0.role,au1_0.skills,au1_0.username from app_users au1_0
2026-05-05T20:14:18.090+05:30 DEBUG 48328 --- [Job Portal Management System] [nio-8080-exec-7] o.s.web.servlet.view.RedirectView        : View name [redirect:], model {}
2026-05-05T20:14:18.094+05:30 DEBUG 48328 --- [Job Portal Management System] [nio-8080-exec-7] o.s.web.servlet.DispatcherServlet        : Completed 302 FOUND
2026-05-05T20:14:18.100+05:30 DEBUG 48328 --- [Job Portal Management System] [nio-8080-exec-8] o.s.web.servlet.DispatcherServlet        : GET "/dashboard", parameters={}
2026-05-05T20:14:18.100+05:30 DEBUG 48328 --- [Job Portal Management System] [nio-8080-exec-8] s.w.s.m.m.a.RequestMappingHandlerMapping : Mapped to com.arjun.jobportal.controller.MainController#dashboard(Authentication)
2026-05-05T20:14:18.104+05:30 DEBUG 48328 --- [Job Portal Management System] [nio-8080-exec-8] org.hibernate.SQL                        : select au1_0.id,au1_0.company_name,au1_0.email,au1_0.experience,au1_0.full_name,au1_0.location,au1_0.password,au1_0.phone,au1_0.resume_path,au1_0.role,au1_0.skills,au1_0.username from app_users au1_0 where au1_0.email=? or au1_0.username=?
2026-05-05T20:14:18.113+05:30 DEBUG 48328 --- [Job Portal Management System] [nio-8080-exec-8] org.hibernate.SQL                        : select au1_0.id,au1_0.company_name,au1_0.email,au1_0.experience,au1_0.full_name,au1_0.location,au1_0.password,au1_0.phone,au1_0.resume_path,au1_0.role,au1_0.skills,au1_0.username from app_users au1_0 where au1_0.email=? or au1_0.username=?
2026-05-05T20:14:18.119+05:30 DEBUG 48328 --- [Job Portal Management System] [nio-8080-exec-8] o.s.web.servlet.view.RedirectView        : View name [redirect:], model {}
2026-05-05T20:14:18.120+05:30 DEBUG 48328 --- [Job Portal Management System] [nio-8080-exec-8] o.s.web.servlet.DispatcherServlet        : Completed 302 FOUND
2026-05-05T20:14:18.124+05:30 DEBUG 48328 --- [Job Portal Management System] [nio-8080-exec-9] o.s.web.servlet.DispatcherServlet        : GET "/student/dashboard", parameters={}
2026-05-05T20:14:18.124+05:30 DEBUG 48328 --- [Job Portal Management System] [nio-8080-exec-9] s.w.s.m.m.a.RequestMappingHandlerMapping : Mapped to com.arjun.jobportal.controller.MainController#studentDashboard(Model, Authentication)
2026-05-05T20:14:18.124+05:30 DEBUG 48328 --- [Job Portal Management System] [nio-8080-exec-9] org.hibernate.SQL                        : select au1_0.id,au1_0.company_name,au1_0.email,au1_0.experience,au1_0.full_name,au1_0.location,au1_0.password,au1_0.phone,au1_0.resume_path,au1_0.role,au1_0.skills,au1_0.username from app_users au1_0 where au1_0.email=? or au1_0.username=?
2026-05-05T20:14:18.139+05:30 DEBUG 48328 --- [Job Portal Management System] [nio-8080-exec-9] org.hibernate.SQL                        : select au1_0.id,au1_0.company_name,au1_0.email,au1_0.experience,au1_0.full_name,au1_0.location,au1_0.password,au1_0.phone,au1_0.resume_path,au1_0.role,au1_0.skills,au1_0.username from app_users au1_0 where au1_0.email=? or au1_0.username=?
2026-05-05T20:14:18.141+05:30 DEBUG 48328 --- [Job Portal Management System] [nio-8080-exec-9] org.hibernate.SQL                        : select ja1_0.id,ja1_0.applied_at,ja1_0.cover_note,ja1_0.job_id,ja1_0.resume_path,ja1_0.status,ja1_0.student_id from job_application ja1_0 where ja1_0.student_id=? order by ja1_0.applied_at desc
2026-05-05T20:14:18.141+05:30 DEBUG 48328 --- [Job Portal Management System] [nio-8080-exec-9] org.hibernate.SQL                        : select j1_0.id,j1_0.active,j1_0.approval_status,j1_0.category,j1_0.description,j1_0.employer_id,j1_0.experience,j1_0.location,j1_0.posted_at,j1_0.salary,j1_0.skills_required,j1_0.title from job j1_0 where j1_0.active and j1_0.approval_status=? order by j1_0.posted_at desc
2026-05-05T20:14:18.164+05:30 DEBUG 48328 --- [Job Portal Management System] [nio-8080-exec-9] o.s.w.s.v.ContentNegotiatingViewResolver : Selected 'text/html' given [text/html, application/xhtml+xml, image/avif, image/webp, image/apng, application/xml;q=0.9, */*;q=0.8, application/signed-exchange;v=b3;q=0.7]
2026-05-05T20:14:18.181+05:30 DEBUG 48328 --- [Job Portal Management System] [nio-8080-exec-9] o.s.web.servlet.DispatcherServlet        : Completed 200 OK
2026-05-05T20:14:18.199+05:30 DEBUG 48328 --- [Job Portal Management System] [io-8080-exec-10] o.s.web.servlet.DispatcherServlet        : GET "/css/styles.css", parameters={}
2026-05-05T20:14:18.200+05:30 DEBUG 48328 --- [Job Portal Management System] [io-8080-exec-10] o.s.w.s.handler.SimpleUrlHandlerMapping  : Mapped to ResourceHttpRequestHandler [classpath [META-INF/resources/], classpath [resources/], classpath [static/], classpath [public/], ServletContext [/]]
2026-05-05T20:14:18.199+05:30 DEBUG 48328 --- [Job Portal Management System] [nio-8080-exec-1] o.s.web.servlet.DispatcherServlet        : GET "/js/app.js", parameters={}
2026-05-05T20:14:18.201+05:30 DEBUG 48328 --- [Job Portal Management System] [nio-8080-exec-1] o.s.w.s.handler.SimpleUrlHandlerMapping  : Mapped to ResourceHttpRequestHandler [classpath [META-INF/resources/], classpath [resources/], classpath [static/], classpath [public/], ServletContext [/]]
2026-05-05T20:14:18.203+05:30 DEBUG 48328 --- [Job Portal Management System] [io-8080-exec-10] o.s.web.servlet.DispatcherServlet        : Completed 200 OK
2026-05-05T20:14:18.203+05:30 DEBUG 48328 --- [Job Portal Management System] [nio-8080-exec-1] o.s.web.servlet.DispatcherServlet        : Completed 200 OK
2026-05-05T20:14:18.209+05:30 DEBUG 48328 --- [Job Portal Management System] [nio-8080-exec-3] o.s.web.servlet.DispatcherServlet        : GET "/favicon.ico", parameters={}
2026-05-05T20:14:18.209+05:30 DEBUG 48328 --- [Job Portal Management System] [nio-8080-exec-3] o.s.w.s.handler.SimpleUrlHandlerMapping  : Mapped to ResourceHttpRequestHandler [classpath [META-INF/resources/], classpath [resources/], classpath [static/], classpath [public/], ServletContext [/]]
2026-05-05T20:14:18.209+05:30 DEBUG 48328 --- [Job Portal Management System] [nio-8080-exec-3] o.s.w.s.r.ResourceHttpRequestHandler     : Resource not found
2026-05-05T20:14:18.209+05:30 DEBUG 48328 --- [Job Portal Management System] [nio-8080-exec-3] .w.s.m.s.DefaultHandlerExceptionResolver : Resolved [org.springframework.web.servlet.resource.NoResourceFoundException: No static resource favicon.ico.]
2026-05-05T20:14:18.223+05:30 DEBUG 48328 --- [Job Portal Management System] [nio-8080-exec-3] o.s.web.servlet.DispatcherServlet        : Completed 404 NOT_FOUND
2026-05-05T20:14:18.232+05:30 DEBUG 48328 --- [Job Portal Management System] [nio-8080-exec-3] o.s.web.servlet.DispatcherServlet        : "ERROR" dispatch for GET "/error", parameters={}
2026-05-05T20:14:18.232+05:30 DEBUG 48328 --- [Job Portal Management System] [nio-8080-exec-3] s.w.s.m.m.a.RequestMappingHandlerMapping : Mapped to org.springframework.boot.autoconfigure.web.servlet.error.BasicErrorController#error(HttpServletRequest)
2026-05-05T20:14:18.238+05:30 DEBUG 48328 --- [Job Portal Management System] [nio-8080-exec-3] o.s.w.s.m.m.a.HttpEntityMethodProcessor  : Using 'application/json;q=0.8', given [image/avif, image/webp, image/apng, image/svg+xml, image/*, */*;q=0.8] and supported [application/json, application/*+json]
2026-05-05T20:14:18.240+05:30 DEBUG 48328 --- [Job Portal Management System] [nio-8080-exec-3] o.s.w.s.m.m.a.HttpEntityMethodProcessor  : Writing [{timestamp=Tue May 05 20:14:18 IST 2026, status=404, error=Not Found, trace=org.springframework.web. (truncated)...]
2026-05-05T20:14:18.252+05:30 DEBUG 48328 --- [Job Portal Management System] [nio-8080-exec-3] o.s.web.servlet.DispatcherServlet        : Exiting from "ERROR" dispatch, status 404
2026-05-05T20:14:26.793+05:30 DEBUG 48328 --- [Job Portal Management System] [nio-8080-exec-4] o.s.web.servlet.DispatcherServlet        : GET "/jobs", parameters={}
2026-05-05T20:14:26.794+05:30 DEBUG 48328 --- [Job Portal Management System] [nio-8080-exec-4] s.w.s.m.m.a.RequestMappingHandlerMapping : Mapped to com.arjun.jobportal.controller.MainController#jobList(String, String, String, String, Model)
2026-05-05T20:14:26.800+05:30 DEBUG 48328 --- [Job Portal Management System] [nio-8080-exec-4] org.hibernate.SQL                        : select au1_0.id,au1_0.company_name,au1_0.email,au1_0.experience,au1_0.full_name,au1_0.location,au1_0.password,au1_0.phone,au1_0.resume_path,au1_0.role,au1_0.skills,au1_0.username from app_users au1_0 where au1_0.email=? or au1_0.username=?
2026-05-05T20:14:26.842+05:30 DEBUG 48328 --- [Job Portal Management System] [nio-8080-exec-4] org.hibernate.SQL                        : select j1_0.id,j1_0.active,j1_0.approval_status,j1_0.category,j1_0.description,j1_0.employer_id,j1_0.experience,j1_0.location,j1_0.posted_at,j1_0.salary,j1_0.skills_required,j1_0.title from job j1_0 join app_users e1_0 on e1_0.id=j1_0.employer_id where j1_0.active=1 and j1_0.approval_status='APPROVED' and lower(j1_0.category) like replace(lower(concat('%',?,'%')),'\\','\\\\') and lower(j1_0.location) like replace(lower(concat('%',?,'%')),'\\','\\\\') and lower(coalesce(j1_0.experience,'')) like replace(lower(concat('%',?,'%')),'\\','\\\\') and lower(coalesce(e1_0.company_name,e1_0.full_name,'')) like replace(lower(concat('%',?,'%')),'\\','\\\\') order by j1_0.posted_at desc
2026-05-05T20:14:26.842+05:30 DEBUG 48328 --- [Job Portal Management System] [nio-8080-exec-4] o.s.w.s.v.ContentNegotiatingViewResolver : Selected 'text/html' given [text/html, application/xhtml+xml, image/avif, image/webp, image/apng, application/xml;q=0.9, */*;q=0.8, application/signed-exchange;v=b3;q=0.7]
2026-05-05T20:14:26.842+05:30 DEBUG 48328 --- [Job Portal Management System] [nio-8080-exec-4] org.hibernate.SQL                        : select au1_0.id,au1_0.company_name,au1_0.email,au1_0.experience,au1_0.full_name,au1_0.location,au1_0.password,au1_0.phone,au1_0.resume_path,au1_0.role,au1_0.skills,au1_0.username from app_users au1_0 where au1_0.id=?
2026-05-05T20:14:26.859+05:30 DEBUG 48328 --- [Job Portal Management System] [nio-8080-exec-4] o.s.web.servlet.DispatcherServlet        : Completed 200 OK
2026-05-05T20:14:26.881+05:30 DEBUG 48328 --- [Job Portal Management System] [nio-8080-exec-5] o.s.web.servlet.DispatcherServlet        : GET "/css/styles.css", parameters={}
2026-05-05T20:14:26.881+05:30 DEBUG 48328 --- [Job Portal Management System] [nio-8080-exec-2] o.s.web.servlet.DispatcherServlet        : GET "/js/app.js", parameters={}
2026-05-05T20:14:26.882+05:30 DEBUG 48328 --- [Job Portal Management System] [nio-8080-exec-5] o.s.w.s.handler.SimpleUrlHandlerMapping  : Mapped to ResourceHttpRequestHandler [classpath [META-INF/resources/], classpath [resources/], classpath [static/], classpath [public/], ServletContext [/]]
2026-05-05T20:14:26.882+05:30 DEBUG 48328 --- [Job Portal Management System] [nio-8080-exec-2] o.s.w.s.handler.SimpleUrlHandlerMapping  : Mapped to ResourceHttpRequestHandler [classpath [META-INF/resources/], classpath [resources/], classpath [static/], classpath [public/], ServletContext [/]]
2026-05-05T20:14:26.886+05:30 DEBUG 48328 --- [Job Portal Management System] [nio-8080-exec-5] o.s.web.servlet.DispatcherServlet        : Completed 200 OK
2026-05-05T20:14:26.885+05:30 DEBUG 48328 --- [Job Portal Management System] [nio-8080-exec-2] o.s.web.servlet.DispatcherServlet        : Completed 200 OK
2026-05-05T20:14:28.983+05:30 DEBUG 48328 --- [Job Portal Management System] [nio-8080-exec-6] o.s.web.servlet.DispatcherServlet        : GET "/jobs/1", parameters={}
2026-05-05T20:14:28.993+05:30 DEBUG 48328 --- [Job Portal Management System] [nio-8080-exec-6] s.w.s.m.m.a.RequestMappingHandlerMapping : Mapped to com.arjun.jobportal.controller.MainController#jobDetail(Long, Model, Authentication)
2026-05-05T20:14:28.996+05:30 DEBUG 48328 --- [Job Portal Management System] [nio-8080-exec-6] org.hibernate.SQL                        : select au1_0.id,au1_0.company_name,au1_0.email,au1_0.experience,au1_0.full_name,au1_0.location,au1_0.password,au1_0.phone,au1_0.resume_path,au1_0.role,au1_0.skills,au1_0.username from app_users au1_0 where au1_0.email=? or au1_0.username=?
2026-05-05T20:14:29.014+05:30 DEBUG 48328 --- [Job Portal Management System] [nio-8080-exec-6] org.hibernate.SQL                        : select j1_0.id,j1_0.active,j1_0.approval_status,j1_0.category,j1_0.description,j1_0.employer_id,j1_0.experience,j1_0.location,j1_0.posted_at,j1_0.salary,j1_0.skills_required,j1_0.title from job j1_0 where j1_0.id=?
2026-05-05T20:14:29.032+05:30 DEBUG 48328 --- [Job Portal Management System] [nio-8080-exec-6] org.hibernate.SQL                        : select au1_0.id,au1_0.company_name,au1_0.email,au1_0.experience,au1_0.full_name,au1_0.location,au1_0.password,au1_0.phone,au1_0.resume_path,au1_0.role,au1_0.skills,au1_0.username from app_users au1_0 where au1_0.email=? or au1_0.username=?
2026-05-05T20:14:29.035+05:30 DEBUG 48328 --- [Job Portal Management System] [nio-8080-exec-6] org.hibernate.SQL                        : select ja1_0.id,ja1_0.applied_at,ja1_0.cover_note,ja1_0.job_id,ja1_0.resume_path,ja1_0.status,ja1_0.student_id from job_application ja1_0 where ja1_0.student_id=? and ja1_0.job_id=?
2026-05-05T20:14:29.039+05:30 DEBUG 48328 --- [Job Portal Management System] [nio-8080-exec-6] o.s.w.s.v.ContentNegotiatingViewResolver : Selected 'text/html' given [text/html, application/xhtml+xml, image/avif, image/webp, image/apng, application/xml;q=0.9, */*;q=0.8, application/signed-exchange;v=b3;q=0.7]
2026-05-05T20:14:29.044+05:30 DEBUG 48328 --- [Job Portal Management System] [nio-8080-exec-6] org.hibernate.SQL                        : select au1_0.id,au1_0.company_name,au1_0.email,au1_0.experience,au1_0.full_name,au1_0.location,au1_0.password,au1_0.phone,au1_0.resume_path,au1_0.role,au1_0.skills,au1_0.username from app_users au1_0 where au1_0.id=?
2026-05-05T20:14:29.055+05:30 DEBUG 48328 --- [Job Portal Management System] [nio-8080-exec-6] o.s.web.servlet.DispatcherServlet        : Completed 200 OK
2026-05-05T20:14:29.638+05:30 DEBUG 48328 --- [Job Portal Management System] [nio-8080-exec-7] o.s.web.servlet.DispatcherServlet        : GET "/css/styles.css", parameters={}
2026-05-05T20:14:29.643+05:30 DEBUG 48328 --- [Job Portal Management System] [nio-8080-exec-7] o.s.w.s.handler.SimpleUrlHandlerMapping  : Mapped to ResourceHttpRequestHandler [classpath [META-INF/resources/], classpath [resources/], classpath [static/], classpath [public/], ServletContext [/]]
2026-05-05T20:14:29.647+05:30 DEBUG 48328 --- [Job Portal Management System] [nio-8080-exec-7] o.s.web.servlet.DispatcherServlet        : Completed 200 OK
2026-05-05T20:14:33.910+05:30 DEBUG 48328 --- [Job Portal Management System] [nio-8080-exec-8] o.s.web.servlet.DispatcherServlet        : POST "/applications/1", parameters={masked}
2026-05-05T20:14:33.917+05:30 DEBUG 48328 --- [Job Portal Management System] [nio-8080-exec-8] s.w.s.m.m.a.RequestMappingHandlerMapping : Mapped to com.arjun.jobportal.controller.MainController#apply(Long, String, Authentication)
2026-05-05T20:14:33.919+05:30 DEBUG 48328 --- [Job Portal Management System] [nio-8080-exec-8] org.hibernate.SQL                        : select au1_0.id,au1_0.company_name,au1_0.email,au1_0.experience,au1_0.full_name,au1_0.location,au1_0.password,au1_0.phone,au1_0.resume_path,au1_0.role,au1_0.skills,au1_0.username from app_users au1_0 where au1_0.email=? or au1_0.username=?
2026-05-05T20:14:33.922+05:30 DEBUG 48328 --- [Job Portal Management System] [nio-8080-exec-8] org.hibernate.SQL                        : select au1_0.id,au1_0.company_name,au1_0.email,au1_0.experience,au1_0.full_name,au1_0.location,au1_0.password,au1_0.phone,au1_0.resume_path,au1_0.role,au1_0.skills,au1_0.username from app_users au1_0 where au1_0.email=? or au1_0.username=?
2026-05-05T20:14:33.926+05:30 DEBUG 48328 --- [Job Portal Management System] [nio-8080-exec-8] org.hibernate.SQL                        : select j1_0.id,j1_0.active,j1_0.approval_status,j1_0.category,j1_0.description,j1_0.employer_id,j1_0.experience,j1_0.location,j1_0.posted_at,j1_0.salary,j1_0.skills_required,j1_0.title from job j1_0 where j1_0.id=?
2026-05-05T20:14:33.926+05:30 DEBUG 48328 --- [Job Portal Management System] [nio-8080-exec-8] o.s.web.servlet.view.RedirectView        : View name [redirect:], model {}
2026-05-05T20:14:33.926+05:30 DEBUG 48328 --- [Job Portal Management System] [nio-8080-exec-8] o.s.web.servlet.DispatcherServlet        : Completed 302 FOUND
2026-05-05T20:14:33.934+05:30 DEBUG 48328 --- [Job Portal Management System] [nio-8080-exec-9] o.s.web.servlet.DispatcherServlet        : GET "/student/dashboard?resumeRequired", parameters={masked}
2026-05-05T20:14:33.934+05:30 DEBUG 48328 --- [Job Portal Management System] [nio-8080-exec-9] s.w.s.m.m.a.RequestMappingHandlerMapping : Mapped to com.arjun.jobportal.controller.MainController#studentDashboard(Model, Authentication)
2026-05-05T20:14:33.934+05:30 DEBUG 48328 --- [Job Portal Management System] [nio-8080-exec-9] org.hibernate.SQL                        : select au1_0.id,au1_0.company_name,au1_0.email,au1_0.experience,au1_0.full_name,au1_0.location,au1_0.password,au1_0.phone,au1_0.resume_path,au1_0.role,au1_0.skills,au1_0.username from app_users au1_0 where au1_0.email=? or au1_0.username=?
2026-05-05T20:14:33.941+05:30 DEBUG 48328 --- [Job Portal Management System] [nio-8080-exec-9] org.hibernate.SQL                        : select au1_0.id,au1_0.company_name,au1_0.email,au1_0.experience,au1_0.full_name,au1_0.location,au1_0.password,au1_0.phone,au1_0.resume_path,au1_0.role,au1_0.skills,au1_0.username from app_users au1_0 where au1_0.email=? or au1_0.username=?
2026-05-05T20:14:33.941+05:30 DEBUG 48328 --- [Job Portal Management System] [nio-8080-exec-9] org.hibernate.SQL                        : select ja1_0.id,ja1_0.applied_at,ja1_0.cover_note,ja1_0.job_id,ja1_0.resume_path,ja1_0.status,ja1_0.student_id from job_application ja1_0 where ja1_0.student_id=? order by ja1_0.applied_at desc
2026-05-05T20:14:33.941+05:30 DEBUG 48328 --- [Job Portal Management System] [nio-8080-exec-9] org.hibernate.SQL                        : select j1_0.id,j1_0.active,j1_0.approval_status,j1_0.category,j1_0.description,j1_0.employer_id,j1_0.experience,j1_0.location,j1_0.posted_at,j1_0.salary,j1_0.skills_required,j1_0.title from job j1_0 where j1_0.active and j1_0.approval_status=? order by j1_0.posted_at desc
2026-05-05T20:14:33.957+05:30 DEBUG 48328 --- [Job Portal Management System] [nio-8080-exec-9] o.s.w.s.v.ContentNegotiatingViewResolver : Selected 'text/html' given [text/html, application/xhtml+xml, image/avif, image/webp, image/apng, application/xml;q=0.9, */*;q=0.8, application/signed-exchange;v=b3;q=0.7]
2026-05-05T20:14:33.958+05:30 DEBUG 48328 --- [Job Portal Management System] [nio-8080-exec-9] o.s.web.servlet.DispatcherServlet        : Completed 200 OK
2026-05-05T20:14:33.984+05:30 DEBUG 48328 --- [Job Portal Management System] [io-8080-exec-10] o.s.web.servlet.DispatcherServlet        : GET "/css/styles.css", parameters={}
2026-05-05T20:14:33.984+05:30 DEBUG 48328 --- [Job Portal Management System] [nio-8080-exec-1] o.s.web.servlet.DispatcherServlet        : GET "/js/app.js", parameters={}
2026-05-05T20:14:33.985+05:30 DEBUG 48328 --- [Job Portal Management System] [nio-8080-exec-1] o.s.w.s.handler.SimpleUrlHandlerMapping  : Mapped to ResourceHttpRequestHandler [classpath [META-INF/resources/], classpath [resources/], classpath [static/], classpath [public/], ServletContext [/]]
2026-05-05T20:14:33.985+05:30 DEBUG 48328 --- [Job Portal Management System] [io-8080-exec-10] o.s.w.s.handler.SimpleUrlHandlerMapping  : Mapped to ResourceHttpRequestHandler [classpath [META-INF/resources/], classpath [resources/], classpath [static/], classpath [public/], ServletContext [/]]
2026-05-05T20:14:33.992+05:30 DEBUG 48328 --- [Job Portal Management System] [io-8080-exec-10] o.s.web.servlet.DispatcherServlet        : Completed 200 OK
2026-05-05T20:14:33.992+05:30 DEBUG 48328 --- [Job Portal Management System] [nio-8080-exec-1] o.s.web.servlet.DispatcherServlet        : Completed 200 OK
2026-05-05T20:14:48.491+05:30 DEBUG 48328 --- [Job Portal Management System] [nio-8080-exec-4] o.s.web.servlet.DispatcherServlet        : POST "/profile", parameters={multipart}
2026-05-05T20:14:48.491+05:30 DEBUG 48328 --- [Job Portal Management System] [nio-8080-exec-4] s.w.s.m.m.a.RequestMappingHandlerMapping : Mapped to com.arjun.jobportal.controller.MainController#updateProfile(String, String, String, String, String, MultipartFile, Authentication)
2026-05-05T20:14:48.491+05:30 DEBUG 48328 --- [Job Portal Management System] [nio-8080-exec-4] org.hibernate.SQL                        : select au1_0.id,au1_0.company_name,au1_0.email,au1_0.experience,au1_0.full_name,au1_0.location,au1_0.password,au1_0.phone,au1_0.resume_path,au1_0.role,au1_0.skills,au1_0.username from app_users au1_0 where au1_0.email=? or au1_0.username=?
2026-05-05T20:14:48.491+05:30 DEBUG 48328 --- [Job Portal Management System] [nio-8080-exec-4] org.hibernate.SQL                        : select au1_0.id,au1_0.company_name,au1_0.email,au1_0.experience,au1_0.full_name,au1_0.location,au1_0.password,au1_0.phone,au1_0.resume_path,au1_0.role,au1_0.skills,au1_0.username from app_users au1_0 where au1_0.email=? or au1_0.username=?
2026-05-05T20:14:48.525+05:30 DEBUG 48328 --- [Job Portal Management System] [nio-8080-exec-4] org.hibernate.SQL                        : update app_users set company_name=?,email=?,experience=?,full_name=?,location=?,password=?,phone=?,resume_path=?,role=?,skills=?,username=? where id=?
2026-05-05T20:14:48.541+05:30 DEBUG 48328 --- [Job Portal Management System] [nio-8080-exec-4] o.s.web.servlet.view.RedirectView        : View name [redirect:], model {}
2026-05-05T20:14:48.541+05:30 DEBUG 48328 --- [Job Portal Management System] [nio-8080-exec-4] o.s.web.servlet.DispatcherServlet        : Completed 302 FOUND
2026-05-05T20:14:48.558+05:30 DEBUG 48328 --- [Job Portal Management System] [nio-8080-exec-2] o.s.web.servlet.DispatcherServlet        : GET "/student/dashboard?profileUpdated", parameters={masked}
2026-05-05T20:14:48.558+05:30 DEBUG 48328 --- [Job Portal Management System] [nio-8080-exec-2] s.w.s.m.m.a.RequestMappingHandlerMapping : Mapped to com.arjun.jobportal.controller.MainController#studentDashboard(Model, Authentication)
2026-05-05T20:14:48.558+05:30 DEBUG 48328 --- [Job Portal Management System] [nio-8080-exec-2] org.hibernate.SQL                        : select au1_0.id,au1_0.company_name,au1_0.email,au1_0.experience,au1_0.full_name,au1_0.location,au1_0.password,au1_0.phone,au1_0.resume_path,au1_0.role,au1_0.skills,au1_0.username from app_users au1_0 where au1_0.email=? or au1_0.username=?
2026-05-05T20:14:48.558+05:30 DEBUG 48328 --- [Job Portal Management System] [nio-8080-exec-2] org.hibernate.SQL                        : select au1_0.id,au1_0.company_name,au1_0.email,au1_0.experience,au1_0.full_name,au1_0.location,au1_0.password,au1_0.phone,au1_0.resume_path,au1_0.role,au1_0.skills,au1_0.username from app_users au1_0 where au1_0.email=? or au1_0.username=?
2026-05-05T20:14:48.558+05:30 DEBUG 48328 --- [Job Portal Management System] [nio-8080-exec-2] org.hibernate.SQL                        : select ja1_0.id,ja1_0.applied_at,ja1_0.cover_note,ja1_0.job_id,ja1_0.resume_path,ja1_0.status,ja1_0.student_id from job_application ja1_0 where ja1_0.student_id=? order by ja1_0.applied_at desc
2026-05-05T20:14:48.575+05:30 DEBUG 48328 --- [Job Portal Management System] [nio-8080-exec-2] org.hibernate.SQL                        : select j1_0.id,j1_0.active,j1_0.approval_status,j1_0.category,j1_0.description,j1_0.employer_id,j1_0.experience,j1_0.location,j1_0.posted_at,j1_0.salary,j1_0.skills_required,j1_0.title from job j1_0 where j1_0.active and j1_0.approval_status=? order by j1_0.posted_at desc
2026-05-05T20:14:48.575+05:30 DEBUG 48328 --- [Job Portal Management System] [nio-8080-exec-2] o.s.w.s.v.ContentNegotiatingViewResolver : Selected 'text/html' given [text/html, application/xhtml+xml, image/avif, image/webp, image/apng, application/xml;q=0.9, */*;q=0.8, application/signed-exchange;v=b3;q=0.7]
2026-05-05T20:14:48.575+05:30 DEBUG 48328 --- [Job Portal Management System] [nio-8080-exec-2] o.s.web.servlet.DispatcherServlet        : Completed 200 OK
2026-05-05T20:14:48.603+05:30 DEBUG 48328 --- [Job Portal Management System] [nio-8080-exec-6] o.s.web.servlet.DispatcherServlet        : GET "/js/app.js", parameters={}
2026-05-05T20:14:48.603+05:30 DEBUG 48328 --- [Job Portal Management System] [nio-8080-exec-5] o.s.web.servlet.DispatcherServlet        : GET "/css/styles.css", parameters={}
2026-05-05T20:14:48.604+05:30 DEBUG 48328 --- [Job Portal Management System] [nio-8080-exec-6] o.s.w.s.handler.SimpleUrlHandlerMapping  : Mapped to ResourceHttpRequestHandler [classpath [META-INF/resources/], classpath [resources/], classpath [static/], classpath [public/], ServletContext [/]]
2026-05-05T20:14:48.604+05:30 DEBUG 48328 --- [Job Portal Management System] [nio-8080-exec-5] o.s.w.s.handler.SimpleUrlHandlerMapping  : Mapped to ResourceHttpRequestHandler [classpath [META-INF/resources/], classpath [resources/], classpath [static/], classpath [public/], ServletContext [/]]
2026-05-05T20:14:48.606+05:30 DEBUG 48328 --- [Job Portal Management System] [nio-8080-exec-6] o.s.web.servlet.DispatcherServlet        : Completed 200 OK
2026-05-05T20:14:48.606+05:30 DEBUG 48328 --- [Job Portal Management System] [nio-8080-exec-5] o.s.web.servlet.DispatcherServlet        : Completed 200 OK
2026-05-05T20:14:53.819+05:30 DEBUG 48328 --- [Job Portal Management System] [nio-8080-exec-7] o.s.web.servlet.DispatcherServlet        : GET "/jobs", parameters={}
2026-05-05T20:14:53.830+05:30 DEBUG 48328 --- [Job Portal Management System] [nio-8080-exec-7] s.w.s.m.m.a.RequestMappingHandlerMapping : Mapped to com.arjun.jobportal.controller.MainController#jobList(String, String, String, String, Model)
2026-05-05T20:14:53.834+05:30 DEBUG 48328 --- [Job Portal Management System] [nio-8080-exec-7] org.hibernate.SQL                        : select au1_0.id,au1_0.company_name,au1_0.email,au1_0.experience,au1_0.full_name,au1_0.location,au1_0.password,au1_0.phone,au1_0.resume_path,au1_0.role,au1_0.skills,au1_0.username from app_users au1_0 where au1_0.email=? or au1_0.username=?
2026-05-05T20:14:53.839+05:30 DEBUG 48328 --- [Job Portal Management System] [nio-8080-exec-7] org.hibernate.SQL                        : select j1_0.id,j1_0.active,j1_0.approval_status,j1_0.category,j1_0.description,j1_0.employer_id,j1_0.experience,j1_0.location,j1_0.posted_at,j1_0.salary,j1_0.skills_required,j1_0.title from job j1_0 join app_users e1_0 on e1_0.id=j1_0.employer_id where j1_0.active=1 and j1_0.approval_status='APPROVED' and lower(j1_0.category) like replace(lower(concat('%',?,'%')),'\\','\\\\') and lower(j1_0.location) like replace(lower(concat('%',?,'%')),'\\','\\\\') and lower(coalesce(j1_0.experience,'')) like replace(lower(concat('%',?,'%')),'\\','\\\\') and lower(coalesce(e1_0.company_name,e1_0.full_name,'')) like replace(lower(concat('%',?,'%')),'\\','\\\\') order by j1_0.posted_at desc
2026-05-05T20:14:53.841+05:30 DEBUG 48328 --- [Job Portal Management System] [nio-8080-exec-7] o.s.w.s.v.ContentNegotiatingViewResolver : Selected 'text/html' given [text/html, application/xhtml+xml, image/avif, image/webp, image/apng, application/xml;q=0.9, */*;q=0.8, application/signed-exchange;v=b3;q=0.7]
2026-05-05T20:14:53.841+05:30 DEBUG 48328 --- [Job Portal Management System] [nio-8080-exec-7] org.hibernate.SQL                        : select au1_0.id,au1_0.company_name,au1_0.email,au1_0.experience,au1_0.full_name,au1_0.location,au1_0.password,au1_0.phone,au1_0.resume_path,au1_0.role,au1_0.skills,au1_0.username from app_users au1_0 where au1_0.id=?
2026-05-05T20:14:53.841+05:30 DEBUG 48328 --- [Job Portal Management System] [nio-8080-exec-7] o.s.web.servlet.DispatcherServlet        : Completed 200 OK
2026-05-05T20:14:53.868+05:30 DEBUG 48328 --- [Job Portal Management System] [nio-8080-exec-9] o.s.web.servlet.DispatcherServlet        : GET "/js/app.js", parameters={}
2026-05-05T20:14:53.868+05:30 DEBUG 48328 --- [Job Portal Management System] [nio-8080-exec-8] o.s.web.servlet.DispatcherServlet        : GET "/css/styles.css", parameters={}
2026-05-05T20:14:53.869+05:30 DEBUG 48328 --- [Job Portal Management System] [nio-8080-exec-9] o.s.w.s.handler.SimpleUrlHandlerMapping  : Mapped to ResourceHttpRequestHandler [classpath [META-INF/resources/], classpath [resources/], classpath [static/], classpath [public/], ServletContext [/]]
2026-05-05T20:14:53.870+05:30 DEBUG 48328 --- [Job Portal Management System] [nio-8080-exec-8] o.s.w.s.handler.SimpleUrlHandlerMapping  : Mapped to ResourceHttpRequestHandler [classpath [META-INF/resources/], classpath [resources/], classpath [static/], classpath [public/], ServletContext [/]]
2026-05-05T20:14:53.872+05:30 DEBUG 48328 --- [Job Portal Management System] [nio-8080-exec-9] o.s.web.servlet.DispatcherServlet        : Completed 200 OK
2026-05-05T20:14:53.872+05:30 DEBUG 48328 --- [Job Portal Management System] [nio-8080-exec-8] o.s.web.servlet.DispatcherServlet        : Completed 200 OK
2026-05-05T20:15:17.173+05:30 DEBUG 48328 --- [Job Portal Management System] [io-8080-exec-10] o.s.web.servlet.DispatcherServlet        : GET "/jobs/1", parameters={}
2026-05-05T20:15:17.178+05:30 DEBUG 48328 --- [Job Portal Management System] [io-8080-exec-10] s.w.s.m.m.a.RequestMappingHandlerMapping : Mapped to com.arjun.jobportal.controller.MainController#jobDetail(Long, Model, Authentication)
2026-05-05T20:15:17.180+05:30 DEBUG 48328 --- [Job Portal Management System] [io-8080-exec-10] org.hibernate.SQL                        : select au1_0.id,au1_0.company_name,au1_0.email,au1_0.experience,au1_0.full_name,au1_0.location,au1_0.password,au1_0.phone,au1_0.resume_path,au1_0.role,au1_0.skills,au1_0.username from app_users au1_0 where au1_0.email=? or au1_0.username=?
2026-05-05T20:15:17.185+05:30 DEBUG 48328 --- [Job Portal Management System] [io-8080-exec-10] org.hibernate.SQL                        : select j1_0.id,j1_0.active,j1_0.approval_status,j1_0.category,j1_0.description,j1_0.employer_id,j1_0.experience,j1_0.location,j1_0.posted_at,j1_0.salary,j1_0.skills_required,j1_0.title from job j1_0 where j1_0.id=?
2026-05-05T20:15:17.191+05:30 DEBUG 48328 --- [Job Portal Management System] [io-8080-exec-10] org.hibernate.SQL                        : select au1_0.id,au1_0.company_name,au1_0.email,au1_0.experience,au1_0.full_name,au1_0.location,au1_0.password,au1_0.phone,au1_0.resume_path,au1_0.role,au1_0.skills,au1_0.username from app_users au1_0 where au1_0.email=? or au1_0.username=?
2026-05-05T20:15:17.191+05:30 DEBUG 48328 --- [Job Portal Management System] [io-8080-exec-10] org.hibernate.SQL                        : select ja1_0.id,ja1_0.applied_at,ja1_0.cover_note,ja1_0.job_id,ja1_0.resume_path,ja1_0.status,ja1_0.student_id from job_application ja1_0 where ja1_0.student_id=? and ja1_0.job_id=?
2026-05-05T20:15:17.209+05:30 DEBUG 48328 --- [Job Portal Management System] [io-8080-exec-10] o.s.w.s.v.ContentNegotiatingViewResolver : Selected 'text/html' given [text/html, application/xhtml+xml, image/avif, image/webp, image/apng, application/xml;q=0.9, */*;q=0.8, application/signed-exchange;v=b3;q=0.7]
2026-05-05T20:15:17.225+05:30 DEBUG 48328 --- [Job Portal Management System] [io-8080-exec-10] org.hibernate.SQL                        : select au1_0.id,au1_0.company_name,au1_0.email,au1_0.experience,au1_0.full_name,au1_0.location,au1_0.password,au1_0.phone,au1_0.resume_path,au1_0.role,au1_0.skills,au1_0.username from app_users au1_0 where au1_0.id=?
2026-05-05T20:15:17.225+05:30 DEBUG 48328 --- [Job Portal Management System] [io-8080-exec-10] o.s.web.servlet.DispatcherServlet        : Completed 200 OK
2026-05-05T20:15:17.253+05:30 DEBUG 48328 --- [Job Portal Management System] [nio-8080-exec-1] o.s.web.servlet.DispatcherServlet        : GET "/css/styles.css", parameters={}
2026-05-05T20:15:17.253+05:30 DEBUG 48328 --- [Job Portal Management System] [nio-8080-exec-1] o.s.w.s.handler.SimpleUrlHandlerMapping  : Mapped to ResourceHttpRequestHandler [classpath [META-INF/resources/], classpath [resources/], classpath [static/], classpath [public/], ServletContext [/]]
2026-05-05T20:15:17.256+05:30 DEBUG 48328 --- [Job Portal Management System] [nio-8080-exec-1] o.s.web.servlet.DispatcherServlet        : Completed 200 OK
2026-05-05T20:15:19.136+05:30 DEBUG 48328 --- [Job Portal Management System] [nio-8080-exec-3] o.s.web.servlet.DispatcherServlet        : POST "/applications/1", parameters={masked}
2026-05-05T20:15:19.139+05:30 DEBUG 48328 --- [Job Portal Management System] [nio-8080-exec-3] s.w.s.m.m.a.RequestMappingHandlerMapping : Mapped to com.arjun.jobportal.controller.MainController#apply(Long, String, Authentication)
2026-05-05T20:15:19.140+05:30 DEBUG 48328 --- [Job Portal Management System] [nio-8080-exec-3] org.hibernate.SQL                        : select au1_0.id,au1_0.company_name,au1_0.email,au1_0.experience,au1_0.full_name,au1_0.location,au1_0.password,au1_0.phone,au1_0.resume_path,au1_0.role,au1_0.skills,au1_0.username from app_users au1_0 where au1_0.email=? or au1_0.username=?
2026-05-05T20:15:19.154+05:30 DEBUG 48328 --- [Job Portal Management System] [nio-8080-exec-3] org.hibernate.SQL                        : select au1_0.id,au1_0.company_name,au1_0.email,au1_0.experience,au1_0.full_name,au1_0.location,au1_0.password,au1_0.phone,au1_0.resume_path,au1_0.role,au1_0.skills,au1_0.username from app_users au1_0 where au1_0.email=? or au1_0.username=?
2026-05-05T20:15:19.159+05:30 DEBUG 48328 --- [Job Portal Management System] [nio-8080-exec-3] org.hibernate.SQL                        : select j1_0.id,j1_0.active,j1_0.approval_status,j1_0.category,j1_0.description,j1_0.employer_id,j1_0.experience,j1_0.location,j1_0.posted_at,j1_0.salary,j1_0.skills_required,j1_0.title from job j1_0 where j1_0.id=?
2026-05-05T20:15:19.159+05:30 DEBUG 48328 --- [Job Portal Management System] [nio-8080-exec-3] org.hibernate.SQL                        : select ja1_0.id,ja1_0.applied_at,ja1_0.cover_note,ja1_0.job_id,ja1_0.resume_path,ja1_0.status,ja1_0.student_id from job_application ja1_0 where ja1_0.student_id=? and ja1_0.job_id=?
2026-05-05T20:15:19.168+05:30 DEBUG 48328 --- [Job Portal Management System] [nio-8080-exec-3] org.hibernate.SQL                        : insert into job_application (applied_at,cover_note,job_id,resume_path,status,student_id) values (?,?,?,?,?,?)
2026-05-05T20:15:19.175+05:30 DEBUG 48328 --- [Job Portal Management System] [nio-8080-exec-3] o.s.web.servlet.view.RedirectView        : View name [redirect:], model {}
2026-05-05T20:15:19.175+05:30 DEBUG 48328 --- [Job Portal Management System] [nio-8080-exec-3] o.s.web.servlet.DispatcherServlet        : Completed 302 FOUND
2026-05-05T20:15:19.175+05:30 DEBUG 48328 --- [Job Portal Management System] [nio-8080-exec-4] o.s.web.servlet.DispatcherServlet        : GET "/student/dashboard?applied", parameters={masked}
2026-05-05T20:15:19.175+05:30 DEBUG 48328 --- [Job Portal Management System] [nio-8080-exec-4] s.w.s.m.m.a.RequestMappingHandlerMapping : Mapped to com.arjun.jobportal.controller.MainController#studentDashboard(Model, Authentication)
2026-05-05T20:15:19.175+05:30 DEBUG 48328 --- [Job Portal Management System] [nio-8080-exec-4] org.hibernate.SQL                        : select au1_0.id,au1_0.company_name,au1_0.email,au1_0.experience,au1_0.full_name,au1_0.location,au1_0.password,au1_0.phone,au1_0.resume_path,au1_0.role,au1_0.skills,au1_0.username from app_users au1_0 where au1_0.email=? or au1_0.username=?
2026-05-05T20:15:19.175+05:30 DEBUG 48328 --- [Job Portal Management System] [nio-8080-exec-4] org.hibernate.SQL                        : select au1_0.id,au1_0.company_name,au1_0.email,au1_0.experience,au1_0.full_name,au1_0.location,au1_0.password,au1_0.phone,au1_0.resume_path,au1_0.role,au1_0.skills,au1_0.username from app_users au1_0 where au1_0.email=? or au1_0.username=?
2026-05-05T20:15:19.191+05:30 DEBUG 48328 --- [Job Portal Management System] [nio-8080-exec-4] org.hibernate.SQL                        : select ja1_0.id,ja1_0.applied_at,ja1_0.cover_note,ja1_0.job_id,ja1_0.resume_path,ja1_0.status,ja1_0.student_id from job_application ja1_0 where ja1_0.student_id=? order by ja1_0.applied_at desc
2026-05-05T20:15:19.191+05:30 DEBUG 48328 --- [Job Portal Management System] [nio-8080-exec-4] org.hibernate.SQL                        : select j1_0.id,j1_0.active,j1_0.approval_status,j1_0.category,j1_0.description,j1_0.employer_id,j1_0.experience,j1_0.location,j1_0.posted_at,j1_0.salary,j1_0.skills_required,j1_0.title from job j1_0 where j1_0.active and j1_0.approval_status=? order by j1_0.posted_at desc
2026-05-05T20:15:19.191+05:30 DEBUG 48328 --- [Job Portal Management System] [nio-8080-exec-4] o.s.w.s.v.ContentNegotiatingViewResolver : Selected 'text/html' given [text/html, application/xhtml+xml, image/avif, image/webp, image/apng, application/xml;q=0.9, */*;q=0.8, application/signed-exchange;v=b3;q=0.7]
2026-05-05T20:15:19.209+05:30 DEBUG 48328 --- [Job Portal Management System] [nio-8080-exec-4] org.hibernate.SQL                        : select au1_0.id,au1_0.company_name,au1_0.email,au1_0.experience,au1_0.full_name,au1_0.location,au1_0.password,au1_0.phone,au1_0.resume_path,au1_0.role,au1_0.skills,au1_0.username from app_users au1_0 where au1_0.id=?
2026-05-05T20:15:19.209+05:30 DEBUG 48328 --- [Job Portal Management System] [nio-8080-exec-4] o.s.web.servlet.DispatcherServlet        : Completed 200 OK
2026-05-05T20:15:19.240+05:30 DEBUG 48328 --- [Job Portal Management System] [nio-8080-exec-6] o.s.web.servlet.DispatcherServlet        : GET "/js/app.js", parameters={}
2026-05-05T20:15:19.242+05:30 DEBUG 48328 --- [Job Portal Management System] [nio-8080-exec-6] o.s.w.s.handler.SimpleUrlHandlerMapping  : Mapped to ResourceHttpRequestHandler [classpath [META-INF/resources/], classpath [resources/], classpath [static/], classpath [public/], ServletContext [/]]
2026-05-05T20:15:19.241+05:30 DEBUG 48328 --- [Job Portal Management System] [nio-8080-exec-2] o.s.web.servlet.DispatcherServlet        : GET "/css/styles.css", parameters={}
2026-05-05T20:15:19.244+05:30 DEBUG 48328 --- [Job Portal Management System] [nio-8080-exec-2] o.s.w.s.handler.SimpleUrlHandlerMapping  : Mapped to ResourceHttpRequestHandler [classpath [META-INF/resources/], classpath [resources/], classpath [static/], classpath [public/], ServletContext [/]]
2026-05-05T20:15:19.246+05:30 DEBUG 48328 --- [Job Portal Management System] [nio-8080-exec-2] o.s.web.servlet.DispatcherServlet        : Completed 200 OK
2026-05-05T20:15:19.246+05:30 DEBUG 48328 --- [Job Portal Management System] [nio-8080-exec-6] o.s.web.servlet.DispatcherServlet        : Completed 200 OK
2026-05-05T20:15:26.691+05:30 DEBUG 48328 --- [Job Portal Management System] [nio-8080-exec-7] o.s.web.servlet.DispatcherServlet        : GET "/", parameters={}
2026-05-05T20:15:26.697+05:30 DEBUG 48328 --- [Job Portal Management System] [nio-8080-exec-7] s.w.s.m.m.a.RequestMappingHandlerMapping : Mapped to com.arjun.jobportal.controller.MainController#home(Model)
2026-05-05T20:15:26.697+05:30 DEBUG 48328 --- [Job Portal Management System] [nio-8080-exec-7] org.hibernate.SQL                        : select j1_0.id,j1_0.active,j1_0.approval_status,j1_0.category,j1_0.description,j1_0.employer_id,j1_0.experience,j1_0.location,j1_0.posted_at,j1_0.salary,j1_0.skills_required,j1_0.title from job j1_0 where j1_0.active and j1_0.approval_status=? order by j1_0.posted_at desc
2026-05-05T20:15:26.697+05:30 DEBUG 48328 --- [Job Portal Management System] [nio-8080-exec-7] org.hibernate.SQL                        : select au1_0.id,au1_0.company_name,au1_0.email,au1_0.experience,au1_0.full_name,au1_0.location,au1_0.password,au1_0.phone,au1_0.resume_path,au1_0.role,au1_0.skills,au1_0.username from app_users au1_0 where au1_0.role=?
2026-05-05T20:15:26.704+05:30 DEBUG 48328 --- [Job Portal Management System] [nio-8080-exec-7] org.hibernate.SQL                        : select au1_0.id,au1_0.company_name,au1_0.email,au1_0.experience,au1_0.full_name,au1_0.location,au1_0.password,au1_0.phone,au1_0.resume_path,au1_0.role,au1_0.skills,au1_0.username from app_users au1_0 where au1_0.role=?
2026-05-05T20:15:26.708+05:30 DEBUG 48328 --- [Job Portal Management System] [nio-8080-exec-7] o.s.w.s.v.ContentNegotiatingViewResolver : Selected 'text/html' given [text/html, application/xhtml+xml, image/avif, image/webp, image/apng, application/xml;q=0.9, */*;q=0.8, application/signed-exchange;v=b3;q=0.7]
2026-05-05T20:15:26.708+05:30 DEBUG 48328 --- [Job Portal Management System] [nio-8080-exec-7] o.s.web.servlet.DispatcherServlet        : Completed 200 OK
2026-05-05T20:15:26.736+05:30 DEBUG 48328 --- [Job Portal Management System] [nio-8080-exec-9] o.s.web.servlet.DispatcherServlet        : GET "/js/app.js", parameters={}
2026-05-05T20:15:26.736+05:30 DEBUG 48328 --- [Job Portal Management System] [nio-8080-exec-8] o.s.web.servlet.DispatcherServlet        : GET "/css/styles.css", parameters={}
2026-05-05T20:15:26.737+05:30 DEBUG 48328 --- [Job Portal Management System] [nio-8080-exec-9] o.s.w.s.handler.SimpleUrlHandlerMapping  : Mapped to ResourceHttpRequestHandler [classpath [META-INF/resources/], classpath [resources/], classpath [static/], classpath [public/], ServletContext [/]]
2026-05-05T20:15:26.737+05:30 DEBUG 48328 --- [Job Portal Management System] [nio-8080-exec-8] o.s.w.s.handler.SimpleUrlHandlerMapping  : Mapped to ResourceHttpRequestHandler [classpath [META-INF/resources/], classpath [resources/], classpath [static/], classpath [public/], ServletContext [/]]
2026-05-05T20:15:26.739+05:30 DEBUG 48328 --- [Job Portal Management System] [nio-8080-exec-9] o.s.web.servlet.DispatcherServlet        : Completed 200 OK
2026-05-05T20:15:26.741+05:30 DEBUG 48328 --- [Job Portal Management System] [nio-8080-exec-8] o.s.web.servlet.DispatcherServlet        : Completed 200 OK
2026-05-05T20:41:17.292+05:30  WARN 48328 --- [Job Portal Management System] [l-1 housekeeper] com.zaxxer.hikari.pool.HikariPool        : HikariPool-1 - Thread starvation or clock leap detected (housekeeper delta=3m31s319ms836µs700ns).
2026-05-05T20:55:42.623+05:30  WARN 48328 --- [Job Portal Management System] [l-1 housekeeper] com.zaxxer.hikari.pool.HikariPool        : HikariPool-1 - Thread starvation or clock leap detected (housekeeper delta=1m55s233ms738µs700ns).
2026-05-05T21:07:24.244+05:30  WARN 48328 --- [Job Portal Management System] [l-1 housekeeper] com.zaxxer.hikari.pool.HikariPool        : HikariPool-1 - Thread starvation or clock leap detected (housekeeper delta=2m41s554ms895µs900ns).
2026-05-05T22:03:29.363+05:30 DEBUG 48328 --- [Job Portal Management System] [nio-8080-exec-3] o.s.web.servlet.DispatcherServlet        : GET "/", parameters={}
2026-05-05T22:03:29.365+05:30 DEBUG 48328 --- [Job Portal Management System] [nio-8080-exec-3] s.w.s.m.m.a.RequestMappingHandlerMapping : Mapped to com.arjun.jobportal.controller.MainController#home(Model)
2026-05-05T22:03:29.385+05:30 DEBUG 48328 --- [Job Portal Management System] [nio-8080-exec-3] org.hibernate.SQL                        : select j1_0.id,j1_0.active,j1_0.approval_status,j1_0.category,j1_0.description,j1_0.employer_id,j1_0.experience,j1_0.location,j1_0.posted_at,j1_0.salary,j1_0.skills_required,j1_0.title from job j1_0 where j1_0.active and j1_0.approval_status=? order by j1_0.posted_at desc
2026-05-05T22:03:29.421+05:30 DEBUG 48328 --- [Job Portal Management System] [nio-8080-exec-3] org.hibernate.SQL                        : select au1_0.id,au1_0.company_name,au1_0.email,au1_0.experience,au1_0.full_name,au1_0.location,au1_0.password,au1_0.phone,au1_0.resume_path,au1_0.role,au1_0.skills,au1_0.username from app_users au1_0 where au1_0.role=?
2026-05-05T22:03:29.424+05:30 DEBUG 48328 --- [Job Portal Management System] [nio-8080-exec-3] org.hibernate.SQL                        : select au1_0.id,au1_0.company_name,au1_0.email,au1_0.experience,au1_0.full_name,au1_0.location,au1_0.password,au1_0.phone,au1_0.resume_path,au1_0.role,au1_0.skills,au1_0.username from app_users au1_0 where au1_0.role=?
2026-05-05T22:03:29.427+05:30 DEBUG 48328 --- [Job Portal Management System] [nio-8080-exec-3] o.s.w.s.v.ContentNegotiatingViewResolver : Selected 'text/html' given [text/html, application/xhtml+xml, image/avif, image/webp, image/apng, application/xml;q=0.9, */*;q=0.8, application/signed-exchange;v=b3;q=0.7]
2026-05-05T22:03:29.437+05:30 DEBUG 48328 --- [Job Portal Management System] [nio-8080-exec-3] o.s.web.servlet.DispatcherServlet        : Completed 200 OK
2026-05-05T22:03:29.449+05:30 DEBUG 48328 --- [Job Portal Management System] [nio-8080-exec-4] o.s.web.servlet.DispatcherServlet        : GET "/css/styles.css", parameters={}
2026-05-05T22:03:29.449+05:30 DEBUG 48328 --- [Job Portal Management System] [nio-8080-exec-2] o.s.web.servlet.DispatcherServlet        : GET "/js/app.js", parameters={}
2026-05-05T22:03:29.450+05:30 DEBUG 48328 --- [Job Portal Management System] [nio-8080-exec-4] o.s.w.s.handler.SimpleUrlHandlerMapping  : Mapped to ResourceHttpRequestHandler [classpath [META-INF/resources/], classpath [resources/], classpath [static/], classpath [public/], ServletContext [/]]
2026-05-05T22:03:29.450+05:30 DEBUG 48328 --- [Job Portal Management System] [nio-8080-exec-2] o.s.w.s.handler.SimpleUrlHandlerMapping  : Mapped to ResourceHttpRequestHandler [classpath [META-INF/resources/], classpath [resources/], classpath [static/], classpath [public/], ServletContext [/]]
2026-05-05T22:03:29.454+05:30 DEBUG 48328 --- [Job Portal Management System] [nio-8080-exec-2] o.s.web.servlet.DispatcherServlet        : Completed 200 OK
2026-05-05T22:03:29.454+05:30 DEBUG 48328 --- [Job Portal Management System] [nio-8080-exec-4] o.s.web.servlet.DispatcherServlet        : Completed 200 OK
2026-05-05T22:03:35.819+05:30 DEBUG 48328 --- [Job Portal Management System] [nio-8080-exec-6] o.s.web.servlet.DispatcherServlet        : GET "/register", parameters={}
2026-05-05T22:03:35.826+05:30 DEBUG 48328 --- [Job Portal Management System] [nio-8080-exec-6] s.w.s.m.m.a.RequestMappingHandlerMapping : Mapped to com.arjun.jobportal.controller.MainController#register(Model)
2026-05-05T22:03:35.828+05:30 DEBUG 48328 --- [Job Portal Management System] [nio-8080-exec-6] o.s.w.s.v.ContentNegotiatingViewResolver : Selected 'text/html' given [text/html, application/xhtml+xml, image/avif, image/webp, image/apng, application/xml;q=0.9, */*;q=0.8, application/signed-exchange;v=b3;q=0.7]
2026-05-05T22:03:35.857+05:30 DEBUG 48328 --- [Job Portal Management System] [nio-8080-exec-6] o.s.web.servlet.DispatcherServlet        : Completed 200 OK
2026-05-05T22:03:35.873+05:30 DEBUG 48328 --- [Job Portal Management System] [nio-8080-exec-5] o.s.web.servlet.DispatcherServlet        : GET "/css/styles.css", parameters={}
2026-05-05T22:03:35.874+05:30 DEBUG 48328 --- [Job Portal Management System] [nio-8080-exec-5] o.s.w.s.handler.SimpleUrlHandlerMapping  : Mapped to ResourceHttpRequestHandler [classpath [META-INF/resources/], classpath [resources/], classpath [static/], classpath [public/], ServletContext [/]]
2026-05-05T22:03:35.875+05:30 DEBUG 48328 --- [Job Portal Management System] [nio-8080-exec-7] o.s.web.servlet.DispatcherServlet        : GET "/js/app.js?v=1777998815857", parameters={masked}
2026-05-05T22:03:35.875+05:30 DEBUG 48328 --- [Job Portal Management System] [nio-8080-exec-7] o.s.w.s.handler.SimpleUrlHandlerMapping  : Mapped to ResourceHttpRequestHandler [classpath [META-INF/resources/], classpath [resources/], classpath [static/], classpath [public/], ServletContext [/]]
2026-05-05T22:03:35.876+05:30 DEBUG 48328 --- [Job Portal Management System] [nio-8080-exec-5] o.s.web.servlet.DispatcherServlet        : Completed 200 OK
2026-05-05T22:03:35.878+05:30 DEBUG 48328 --- [Job Portal Management System] [nio-8080-exec-7] o.s.web.servlet.DispatcherServlet        : Completed 200 OK
2026-05-05T22:03:47.076+05:30 DEBUG 48328 --- [Job Portal Management System] [nio-8080-exec-9] o.s.web.servlet.DispatcherServlet        : GET "/login", parameters={}
2026-05-05T22:03:47.077+05:30 DEBUG 48328 --- [Job Portal Management System] [nio-8080-exec-9] s.w.s.m.m.a.RequestMappingHandlerMapping : Mapped to com.arjun.jobportal.controller.MainController#login(Model)
2026-05-05T22:03:47.080+05:30 DEBUG 48328 --- [Job Portal Management System] [nio-8080-exec-9] o.s.w.s.v.ContentNegotiatingViewResolver : Selected 'text/html' given [text/html, application/xhtml+xml, image/avif, image/webp, image/apng, application/xml;q=0.9, */*;q=0.8, application/signed-exchange;v=b3;q=0.7]
2026-05-05T22:03:47.088+05:30 DEBUG 48328 --- [Job Portal Management System] [nio-8080-exec-9] o.s.web.servlet.DispatcherServlet        : Completed 200 OK
2026-05-05T22:03:47.106+05:30 DEBUG 48328 --- [Job Portal Management System] [nio-8080-exec-8] o.s.web.servlet.DispatcherServlet        : GET "/css/styles.css", parameters={}
2026-05-05T22:03:47.106+05:30 DEBUG 48328 --- [Job Portal Management System] [io-8080-exec-10] o.s.web.servlet.DispatcherServlet        : GET "/js/app.js?v=1777998827087", parameters={masked}
2026-05-05T22:03:47.107+05:30 DEBUG 48328 --- [Job Portal Management System] [nio-8080-exec-8] o.s.w.s.handler.SimpleUrlHandlerMapping  : Mapped to ResourceHttpRequestHandler [classpath [META-INF/resources/], classpath [resources/], classpath [static/], classpath [public/], ServletContext [/]]
2026-05-05T22:03:47.108+05:30 DEBUG 48328 --- [Job Portal Management System] [io-8080-exec-10] o.s.w.s.handler.SimpleUrlHandlerMapping  : Mapped to ResourceHttpRequestHandler [classpath [META-INF/resources/], classpath [resources/], classpath [static/], classpath [public/], ServletContext [/]]
2026-05-05T22:03:47.110+05:30 DEBUG 48328 --- [Job Portal Management System] [nio-8080-exec-8] o.s.web.servlet.DispatcherServlet        : Completed 200 OK
2026-05-05T22:03:47.111+05:30 DEBUG 48328 --- [Job Portal Management System] [io-8080-exec-10] o.s.web.servlet.DispatcherServlet        : Completed 200 OK
2026-05-05T22:03:56.741+05:30 DEBUG 48328 --- [Job Portal Management System] [nio-8080-exec-1] o.s.web.servlet.DispatcherServlet        : GET "/register", parameters={}
2026-05-05T22:03:56.749+05:30 DEBUG 48328 --- [Job Portal Management System] [nio-8080-exec-1] s.w.s.m.m.a.RequestMappingHandlerMapping : Mapped to com.arjun.jobportal.controller.MainController#register(Model)
2026-05-05T22:03:56.751+05:30 DEBUG 48328 --- [Job Portal Management System] [nio-8080-exec-1] o.s.w.s.v.ContentNegotiatingViewResolver : Selected 'text/html' given [text/html, application/xhtml+xml, image/avif, image/webp, image/apng, application/xml;q=0.9, */*;q=0.8, application/signed-exchange;v=b3;q=0.7]
2026-05-05T22:03:56.762+05:30 DEBUG 48328 --- [Job Portal Management System] [nio-8080-exec-1] o.s.web.servlet.DispatcherServlet        : Completed 200 OK
2026-05-05T22:03:56.780+05:30 DEBUG 48328 --- [Job Portal Management System] [nio-8080-exec-3] o.s.web.servlet.DispatcherServlet        : GET "/css/styles.css", parameters={}
2026-05-05T22:03:56.780+05:30 DEBUG 48328 --- [Job Portal Management System] [nio-8080-exec-2] o.s.web.servlet.DispatcherServlet        : GET "/js/app.js?v=1777998836762", parameters={masked}
2026-05-05T22:03:56.781+05:30 DEBUG 48328 --- [Job Portal Management System] [nio-8080-exec-3] o.s.w.s.handler.SimpleUrlHandlerMapping  : Mapped to ResourceHttpRequestHandler [classpath [META-INF/resources/], classpath [resources/], classpath [static/], classpath [public/], ServletContext [/]]
2026-05-05T22:03:56.781+05:30 DEBUG 48328 --- [Job Portal Management System] [nio-8080-exec-2] o.s.w.s.handler.SimpleUrlHandlerMapping  : Mapped to ResourceHttpRequestHandler [classpath [META-INF/resources/], classpath [resources/], classpath [static/], classpath [public/], ServletContext [/]]
2026-05-05T22:03:56.785+05:30 DEBUG 48328 --- [Job Portal Management System] [nio-8080-exec-3] o.s.web.servlet.DispatcherServlet        : Completed 200 OK
2026-05-05T22:03:56.785+05:30 DEBUG 48328 --- [Job Portal Management System] [nio-8080-exec-2] o.s.web.servlet.DispatcherServlet        : Completed 200 OK
2026-05-05T22:05:16.928+05:30 DEBUG 48328 --- [Job Portal Management System] [nio-8080-exec-5] o.s.web.servlet.DispatcherServlet        : GET "/login", parameters={}
2026-05-05T22:05:16.929+05:30 DEBUG 48328 --- [Job Portal Management System] [nio-8080-exec-5] s.w.s.m.m.a.RequestMappingHandlerMapping : Mapped to com.arjun.jobportal.controller.MainController#login(Model)
2026-05-05T22:05:16.932+05:30 DEBUG 48328 --- [Job Portal Management System] [nio-8080-exec-5] o.s.w.s.v.ContentNegotiatingViewResolver : Selected 'text/html' given [text/html, application/xhtml+xml, image/avif, image/webp, image/apng, application/xml;q=0.9, */*;q=0.8, application/signed-exchange;v=b3;q=0.7]
2026-05-05T22:05:16.941+05:30 DEBUG 48328 --- [Job Portal Management System] [nio-8080-exec-5] o.s.web.servlet.DispatcherServlet        : Completed 200 OK
2026-05-05T22:05:16.961+05:30 DEBUG 48328 --- [Job Portal Management System] [nio-8080-exec-7] o.s.web.servlet.DispatcherServlet        : GET "/css/styles.css", parameters={}
2026-05-05T22:05:16.962+05:30 DEBUG 48328 --- [Job Portal Management System] [nio-8080-exec-9] o.s.web.servlet.DispatcherServlet        : GET "/js/app.js?v=1777998916940", parameters={masked}
2026-05-05T22:05:16.962+05:30 DEBUG 48328 --- [Job Portal Management System] [nio-8080-exec-7] o.s.w.s.handler.SimpleUrlHandlerMapping  : Mapped to ResourceHttpRequestHandler [classpath [META-INF/resources/], classpath [resources/], classpath [static/], classpath [public/], ServletContext [/]]
2026-05-05T22:05:16.963+05:30 DEBUG 48328 --- [Job Portal Management System] [nio-8080-exec-9] o.s.w.s.handler.SimpleUrlHandlerMapping  : Mapped to ResourceHttpRequestHandler [classpath [META-INF/resources/], classpath [resources/], classpath [static/], classpath [public/], ServletContext [/]]
2026-05-05T22:05:16.965+05:30 DEBUG 48328 --- [Job Portal Management System] [nio-8080-exec-7] o.s.web.servlet.DispatcherServlet        : Completed 200 OK
2026-05-05T22:05:16.966+05:30 DEBUG 48328 --- [Job Portal Management System] [nio-8080-exec-9] o.s.web.servlet.DispatcherServlet        : Completed 200 OK
2026-05-05T22:05:36.612+05:30 DEBUG 48328 --- [Job Portal Management System] [nio-8080-exec-8] org.hibernate.SQL                        : select au1_0.id,au1_0.company_name,au1_0.email,au1_0.experience,au1_0.full_name,au1_0.location,au1_0.password,au1_0.phone,au1_0.resume_path,au1_0.role,au1_0.skills,au1_0.username from app_users au1_0 where au1_0.email=? or au1_0.username=?
2026-05-05T22:05:36.624+05:30 DEBUG 48328 --- [Job Portal Management System] [nio-8080-exec-8] org.hibernate.SQL                        : select au1_0.id,au1_0.company_name,au1_0.email,au1_0.experience,au1_0.full_name,au1_0.location,au1_0.password,au1_0.phone,au1_0.resume_path,au1_0.role,au1_0.skills,au1_0.username from app_users au1_0
2026-05-05T22:05:36.759+05:30 DEBUG 48328 --- [Job Portal Management System] [io-8080-exec-10] o.s.web.servlet.DispatcherServlet        : GET "/login?error", parameters={masked}
2026-05-05T22:05:36.762+05:30 DEBUG 48328 --- [Job Portal Management System] [io-8080-exec-10] s.w.s.m.m.a.RequestMappingHandlerMapping : Mapped to com.arjun.jobportal.controller.MainController#login(Model)
2026-05-05T22:05:36.764+05:30 DEBUG 48328 --- [Job Portal Management System] [io-8080-exec-10] o.s.w.s.v.ContentNegotiatingViewResolver : Selected 'text/html' given [text/html, application/xhtml+xml, image/avif, image/webp, image/apng, application/xml;q=0.9, */*;q=0.8, application/signed-exchange;v=b3;q=0.7]
2026-05-05T22:05:36.769+05:30 DEBUG 48328 --- [Job Portal Management System] [io-8080-exec-10] o.s.web.servlet.DispatcherServlet        : Completed 200 OK
2026-05-05T22:05:36.787+05:30 DEBUG 48328 --- [Job Portal Management System] [nio-8080-exec-1] o.s.web.servlet.DispatcherServlet        : GET "/css/styles.css", parameters={}
2026-05-05T22:05:36.787+05:30 DEBUG 48328 --- [Job Portal Management System] [nio-8080-exec-3] o.s.web.servlet.DispatcherServlet        : GET "/js/app.js?v=1777998936769", parameters={masked}
2026-05-05T22:05:36.788+05:30 DEBUG 48328 --- [Job Portal Management System] [nio-8080-exec-3] o.s.w.s.handler.SimpleUrlHandlerMapping  : Mapped to ResourceHttpRequestHandler [classpath [META-INF/resources/], classpath [resources/], classpath [static/], classpath [public/], ServletContext [/]]
2026-05-05T22:05:36.788+05:30 DEBUG 48328 --- [Job Portal Management System] [nio-8080-exec-1] o.s.w.s.handler.SimpleUrlHandlerMapping  : Mapped to ResourceHttpRequestHandler [classpath [META-INF/resources/], classpath [resources/], classpath [static/], classpath [public/], ServletContext [/]]
2026-05-05T22:05:36.791+05:30 DEBUG 48328 --- [Job Portal Management System] [nio-8080-exec-1] o.s.web.servlet.DispatcherServlet        : Completed 200 OK
2026-05-05T22:05:36.791+05:30 DEBUG 48328 --- [Job Portal Management System] [nio-8080-exec-3] o.s.web.servlet.DispatcherServlet        : Completed 200 OK
2026-05-05T22:05:46.420+05:30 DEBUG 48328 --- [Job Portal Management System] [nio-8080-exec-2] org.hibernate.SQL                        : select au1_0.id,au1_0.company_name,au1_0.email,au1_0.experience,au1_0.full_name,au1_0.location,au1_0.password,au1_0.phone,au1_0.resume_path,au1_0.role,au1_0.skills,au1_0.username from app_users au1_0 where au1_0.email=? or au1_0.username=?
2026-05-05T22:05:46.424+05:30 DEBUG 48328 --- [Job Portal Management System] [nio-8080-exec-2] org.hibernate.SQL                        : select au1_0.id,au1_0.company_name,au1_0.email,au1_0.experience,au1_0.full_name,au1_0.location,au1_0.password,au1_0.phone,au1_0.resume_path,au1_0.role,au1_0.skills,au1_0.username from app_users au1_0
2026-05-05T22:05:46.566+05:30 DEBUG 48328 --- [Job Portal Management System] [nio-8080-exec-4] o.s.web.servlet.DispatcherServlet        : GET "/login?error", parameters={masked}
2026-05-05T22:05:46.567+05:30 DEBUG 48328 --- [Job Portal Management System] [nio-8080-exec-4] s.w.s.m.m.a.RequestMappingHandlerMapping : Mapped to com.arjun.jobportal.controller.MainController#login(Model)
2026-05-05T22:05:46.568+05:30 DEBUG 48328 --- [Job Portal Management System] [nio-8080-exec-4] o.s.w.s.v.ContentNegotiatingViewResolver : Selected 'text/html' given [text/html, application/xhtml+xml, image/avif, image/webp, image/apng, application/xml;q=0.9, */*;q=0.8, application/signed-exchange;v=b3;q=0.7]
2026-05-05T22:05:46.575+05:30 DEBUG 48328 --- [Job Portal Management System] [nio-8080-exec-4] o.s.web.servlet.DispatcherServlet        : Completed 200 OK
2026-05-05T22:05:46.592+05:30 DEBUG 48328 --- [Job Portal Management System] [nio-8080-exec-6] o.s.web.servlet.DispatcherServlet        : GET "/css/styles.css", parameters={}
2026-05-05T22:05:46.592+05:30 DEBUG 48328 --- [Job Portal Management System] [nio-8080-exec-5] o.s.web.servlet.DispatcherServlet        : GET "/js/app.js?v=1777998946574", parameters={masked}
2026-05-05T22:05:46.593+05:30 DEBUG 48328 --- [Job Portal Management System] [nio-8080-exec-6] o.s.w.s.handler.SimpleUrlHandlerMapping  : Mapped to ResourceHttpRequestHandler [classpath [META-INF/resources/], classpath [resources/], classpath [static/], classpath [public/], ServletContext [/]]
2026-05-05T22:05:46.593+05:30 DEBUG 48328 --- [Job Portal Management System] [nio-8080-exec-5] o.s.w.s.handler.SimpleUrlHandlerMapping  : Mapped to ResourceHttpRequestHandler [classpath [META-INF/resources/], classpath [resources/], classpath [static/], classpath [public/], ServletContext [/]]
2026-05-05T22:05:46.595+05:30 DEBUG 48328 --- [Job Portal Management System] [nio-8080-exec-6] o.s.web.servlet.DispatcherServlet        : Completed 200 OK
2026-05-05T22:05:46.595+05:30 DEBUG 48328 --- [Job Portal Management System] [nio-8080-exec-5] o.s.web.servlet.DispatcherServlet        : Completed 200 OK
2026-05-05T22:05:56.136+05:30 DEBUG 48328 --- [Job Portal Management System] [nio-8080-exec-8] org.hibernate.SQL                        : select au1_0.id,au1_0.company_name,au1_0.email,au1_0.experience,au1_0.full_name,au1_0.location,au1_0.password,au1_0.phone,au1_0.resume_path,au1_0.role,au1_0.skills,au1_0.username from app_users au1_0 where au1_0.email=? or au1_0.username=?
2026-05-05T22:05:56.301+05:30 DEBUG 48328 --- [Job Portal Management System] [io-8080-exec-10] o.s.web.servlet.DispatcherServlet        : GET "/dashboard", parameters={}
2026-05-05T22:05:56.304+05:30 DEBUG 48328 --- [Job Portal Management System] [io-8080-exec-10] s.w.s.m.m.a.RequestMappingHandlerMapping : Mapped to com.arjun.jobportal.controller.MainController#dashboard(Authentication)
2026-05-05T22:05:56.307+05:30 DEBUG 48328 --- [Job Portal Management System] [io-8080-exec-10] org.hibernate.SQL                        : select au1_0.id,au1_0.company_name,au1_0.email,au1_0.experience,au1_0.full_name,au1_0.location,au1_0.password,au1_0.phone,au1_0.resume_path,au1_0.role,au1_0.skills,au1_0.username from app_users au1_0 where au1_0.email=? or au1_0.username=?
2026-05-05T22:05:56.309+05:30 DEBUG 48328 --- [Job Portal Management System] [io-8080-exec-10] org.hibernate.SQL                        : select au1_0.id,au1_0.company_name,au1_0.email,au1_0.experience,au1_0.full_name,au1_0.location,au1_0.password,au1_0.phone,au1_0.resume_path,au1_0.role,au1_0.skills,au1_0.username from app_users au1_0 where au1_0.email=? or au1_0.username=?
2026-05-05T22:05:56.312+05:30 DEBUG 48328 --- [Job Portal Management System] [io-8080-exec-10] o.s.web.servlet.view.RedirectView        : View name [redirect:], model {}
2026-05-05T22:05:56.313+05:30 DEBUG 48328 --- [Job Portal Management System] [io-8080-exec-10] o.s.web.servlet.DispatcherServlet        : Completed 302 FOUND
2026-05-05T22:05:56.319+05:30 DEBUG 48328 --- [Job Portal Management System] [nio-8080-exec-1] o.s.web.servlet.DispatcherServlet        : GET "/admin/dashboard", parameters={}
2026-05-05T22:05:56.320+05:30 DEBUG 48328 --- [Job Portal Management System] [nio-8080-exec-1] s.w.s.m.m.a.RequestMappingHandlerMapping : Mapped to com.arjun.jobportal.controller.MainController#adminDashboard(Model, Authentication)
2026-05-05T22:05:56.321+05:30 DEBUG 48328 --- [Job Portal Management System] [nio-8080-exec-1] org.hibernate.SQL                        : select au1_0.id,au1_0.company_name,au1_0.email,au1_0.experience,au1_0.full_name,au1_0.location,au1_0.password,au1_0.phone,au1_0.resume_path,au1_0.role,au1_0.skills,au1_0.username from app_users au1_0 where au1_0.email=? or au1_0.username=?
2026-05-05T22:05:56.325+05:30 DEBUG 48328 --- [Job Portal Management System] [nio-8080-exec-1] org.hibernate.SQL                        : select au1_0.id,au1_0.company_name,au1_0.email,au1_0.experience,au1_0.full_name,au1_0.location,au1_0.password,au1_0.phone,au1_0.resume_path,au1_0.role,au1_0.skills,au1_0.username from app_users au1_0 where au1_0.email=? or au1_0.username=?
2026-05-05T22:05:56.328+05:30 DEBUG 48328 --- [Job Portal Management System] [nio-8080-exec-1] org.hibernate.SQL                        : select au1_0.id,au1_0.company_name,au1_0.email,au1_0.experience,au1_0.full_name,au1_0.location,au1_0.password,au1_0.phone,au1_0.resume_path,au1_0.role,au1_0.skills,au1_0.username from app_users au1_0
2026-05-05T22:05:56.331+05:30 DEBUG 48328 --- [Job Portal Management System] [nio-8080-exec-1] org.hibernate.SQL                        : select j1_0.id,j1_0.active,j1_0.approval_status,j1_0.category,j1_0.description,j1_0.employer_id,j1_0.experience,j1_0.location,j1_0.posted_at,j1_0.salary,j1_0.skills_required,j1_0.title from job j1_0
2026-05-05T22:05:56.335+05:30 DEBUG 48328 --- [Job Portal Management System] [nio-8080-exec-1] org.hibernate.SQL                        : select j1_0.id,j1_0.active,j1_0.approval_status,j1_0.category,j1_0.description,j1_0.employer_id,j1_0.experience,j1_0.location,j1_0.posted_at,j1_0.salary,j1_0.skills_required,j1_0.title from job j1_0 where j1_0.approval_status=? order by j1_0.posted_at desc
2026-05-05T22:05:56.338+05:30 DEBUG 48328 --- [Job Portal Management System] [nio-8080-exec-1] org.hibernate.SQL                        : select ja1_0.id,ja1_0.applied_at,ja1_0.cover_note,ja1_0.job_id,ja1_0.resume_path,ja1_0.status,ja1_0.student_id from job_application ja1_0
2026-05-05T22:05:56.342+05:30 DEBUG 48328 --- [Job Portal Management System] [nio-8080-exec-1] o.s.w.s.v.ContentNegotiatingViewResolver : Selected 'text/html' given [text/html, application/xhtml+xml, image/avif, image/webp, image/apng, application/xml;q=0.9, */*;q=0.8, application/signed-exchange;v=b3;q=0.7]
2026-05-05T22:05:56.349+05:30 DEBUG 48328 --- [Job Portal Management System] [nio-8080-exec-1] o.s.web.servlet.DispatcherServlet        : Completed 200 OK
2026-05-05T22:05:56.366+05:30 DEBUG 48328 --- [Job Portal Management System] [nio-8080-exec-2] o.s.web.servlet.DispatcherServlet        : GET "/js/app.js", parameters={}
2026-05-05T22:05:56.366+05:30 DEBUG 48328 --- [Job Portal Management System] [nio-8080-exec-3] o.s.web.servlet.DispatcherServlet        : GET "/css/styles.css", parameters={}
2026-05-05T22:05:56.367+05:30 DEBUG 48328 --- [Job Portal Management System] [nio-8080-exec-2] o.s.w.s.handler.SimpleUrlHandlerMapping  : Mapped to ResourceHttpRequestHandler [classpath [META-INF/resources/], classpath [resources/], classpath [static/], classpath [public/], ServletContext [/]]
2026-05-05T22:05:56.367+05:30 DEBUG 48328 --- [Job Portal Management System] [nio-8080-exec-3] o.s.w.s.handler.SimpleUrlHandlerMapping  : Mapped to ResourceHttpRequestHandler [classpath [META-INF/resources/], classpath [resources/], classpath [static/], classpath [public/], ServletContext [/]]
2026-05-05T22:05:56.371+05:30 DEBUG 48328 --- [Job Portal Management System] [nio-8080-exec-3] o.s.web.servlet.DispatcherServlet        : Completed 200 OK
2026-05-05T22:05:56.371+05:30 DEBUG 48328 --- [Job Portal Management System] [nio-8080-exec-2] o.s.web.servlet.DispatcherServlet        : Completed 200 OK
2026-05-05T22:05:58.738+05:30 DEBUG 48328 --- [Job Portal Management System] [nio-8080-exec-4] o.s.web.servlet.DispatcherServlet        : GET "/login?error", parameters={masked}
2026-05-05T22:05:58.743+05:30 DEBUG 48328 --- [Job Portal Management System] [nio-8080-exec-4] s.w.s.m.m.a.RequestMappingHandlerMapping : Mapped to com.arjun.jobportal.controller.MainController#login(Model)
2026-05-05T22:05:58.746+05:30 DEBUG 48328 --- [Job Portal Management System] [nio-8080-exec-4] org.hibernate.SQL                        : select au1_0.id,au1_0.company_name,au1_0.email,au1_0.experience,au1_0.full_name,au1_0.location,au1_0.password,au1_0.phone,au1_0.resume_path,au1_0.role,au1_0.skills,au1_0.username from app_users au1_0 where au1_0.email=? or au1_0.username=?
2026-05-05T22:05:58.749+05:30 DEBUG 48328 --- [Job Portal Management System] [nio-8080-exec-4] o.s.w.s.v.ContentNegotiatingViewResolver : Selected 'text/html' given [text/html, application/xhtml+xml, image/avif, image/webp, image/apng, application/xml;q=0.9, */*;q=0.8, application/signed-exchange;v=b3;q=0.7]
2026-05-05T22:05:58.753+05:30 DEBUG 48328 --- [Job Portal Management System] [nio-8080-exec-4] o.s.web.servlet.DispatcherServlet        : Completed 200 OK
2026-05-05T22:05:58.769+05:30 DEBUG 48328 --- [Job Portal Management System] [nio-8080-exec-6] o.s.web.servlet.DispatcherServlet        : GET "/css/styles.css", parameters={}
2026-05-05T22:05:58.769+05:30 DEBUG 48328 --- [Job Portal Management System] [nio-8080-exec-5] o.s.web.servlet.DispatcherServlet        : GET "/js/app.js?v=1777998958752", parameters={masked}
2026-05-05T22:05:58.770+05:30 DEBUG 48328 --- [Job Portal Management System] [nio-8080-exec-6] o.s.w.s.handler.SimpleUrlHandlerMapping  : Mapped to ResourceHttpRequestHandler [classpath [META-INF/resources/], classpath [resources/], classpath [static/], classpath [public/], ServletContext [/]]
2026-05-05T22:05:58.770+05:30 DEBUG 48328 --- [Job Portal Management System] [nio-8080-exec-5] o.s.w.s.handler.SimpleUrlHandlerMapping  : Mapped to ResourceHttpRequestHandler [classpath [META-INF/resources/], classpath [resources/], classpath [static/], classpath [public/], ServletContext [/]]
2026-05-05T22:05:58.774+05:30 DEBUG 48328 --- [Job Portal Management System] [nio-8080-exec-6] o.s.web.servlet.DispatcherServlet        : Completed 200 OK
2026-05-05T22:05:58.774+05:30 DEBUG 48328 --- [Job Portal Management System] [nio-8080-exec-5] o.s.web.servlet.DispatcherServlet        : Completed 200 OK
2026-05-05T22:06:02.589+05:30 DEBUG 48328 --- [Job Portal Management System] [nio-8080-exec-9] o.s.web.servlet.DispatcherServlet        : GET "/login?error", parameters={masked}
2026-05-05T22:06:02.595+05:30 DEBUG 48328 --- [Job Portal Management System] [nio-8080-exec-9] s.w.s.m.m.a.RequestMappingHandlerMapping : Mapped to com.arjun.jobportal.controller.MainController#login(Model)
2026-05-05T22:06:02.598+05:30 DEBUG 48328 --- [Job Portal Management System] [nio-8080-exec-9] org.hibernate.SQL                        : select au1_0.id,au1_0.company_name,au1_0.email,au1_0.experience,au1_0.full_name,au1_0.location,au1_0.password,au1_0.phone,au1_0.resume_path,au1_0.role,au1_0.skills,au1_0.username from app_users au1_0 where au1_0.email=? or au1_0.username=?
2026-05-05T22:06:02.600+05:30 DEBUG 48328 --- [Job Portal Management System] [nio-8080-exec-9] o.s.w.s.v.ContentNegotiatingViewResolver : Selected 'text/html' given [text/html, application/xhtml+xml, image/avif, image/webp, image/apng, application/xml;q=0.9, */*;q=0.8, application/signed-exchange;v=b3;q=0.7]
2026-05-05T22:06:02.603+05:30 DEBUG 48328 --- [Job Portal Management System] [nio-8080-exec-9] o.s.web.servlet.DispatcherServlet        : Completed 200 OK
2026-05-05T22:06:02.620+05:30 DEBUG 48328 --- [Job Portal Management System] [nio-8080-exec-7] o.s.web.servlet.DispatcherServlet        : GET "/css/styles.css", parameters={}
2026-05-05T22:06:02.620+05:30 DEBUG 48328 --- [Job Portal Management System] [nio-8080-exec-8] o.s.web.servlet.DispatcherServlet        : GET "/js/app.js?v=1777998962603", parameters={masked}
2026-05-05T22:06:02.621+05:30 DEBUG 48328 --- [Job Portal Management System] [nio-8080-exec-7] o.s.w.s.handler.SimpleUrlHandlerMapping  : Mapped to ResourceHttpRequestHandler [classpath [META-INF/resources/], classpath [resources/], classpath [static/], classpath [public/], ServletContext [/]]
2026-05-05T22:06:02.621+05:30 DEBUG 48328 --- [Job Portal Management System] [nio-8080-exec-8] o.s.w.s.handler.SimpleUrlHandlerMapping  : Mapped to ResourceHttpRequestHandler [classpath [META-INF/resources/], classpath [resources/], classpath [static/], classpath [public/], ServletContext [/]]
2026-05-05T22:06:02.625+05:30 DEBUG 48328 --- [Job Portal Management System] [nio-8080-exec-7] o.s.web.servlet.DispatcherServlet        : Completed 200 OK
2026-05-05T22:06:02.625+05:30 DEBUG 48328 --- [Job Portal Management System] [nio-8080-exec-8] o.s.web.servlet.DispatcherServlet        : Completed 200 OK
2026-05-05T22:06:05.005+05:30 DEBUG 48328 --- [Job Portal Management System] [io-8080-exec-10] o.s.web.servlet.DispatcherServlet        : GET "/admin/dashboard", parameters={}
2026-05-05T22:06:05.006+05:30 DEBUG 48328 --- [Job Portal Management System] [io-8080-exec-10] s.w.s.m.m.a.RequestMappingHandlerMapping : Mapped to com.arjun.jobportal.controller.MainController#adminDashboard(Model, Authentication)
2026-05-05T22:06:05.009+05:30 DEBUG 48328 --- [Job Portal Management System] [io-8080-exec-10] org.hibernate.SQL                        : select au1_0.id,au1_0.company_name,au1_0.email,au1_0.experience,au1_0.full_name,au1_0.location,au1_0.password,au1_0.phone,au1_0.resume_path,au1_0.role,au1_0.skills,au1_0.username from app_users au1_0 where au1_0.email=? or au1_0.username=?
2026-05-05T22:06:05.016+05:30 DEBUG 48328 --- [Job Portal Management System] [io-8080-exec-10] org.hibernate.SQL                        : select au1_0.id,au1_0.company_name,au1_0.email,au1_0.experience,au1_0.full_name,au1_0.location,au1_0.password,au1_0.phone,au1_0.resume_path,au1_0.role,au1_0.skills,au1_0.username from app_users au1_0 where au1_0.email=? or au1_0.username=?
2026-05-05T22:06:05.024+05:30 DEBUG 48328 --- [Job Portal Management System] [io-8080-exec-10] org.hibernate.SQL                        : select au1_0.id,au1_0.company_name,au1_0.email,au1_0.experience,au1_0.full_name,au1_0.location,au1_0.password,au1_0.phone,au1_0.resume_path,au1_0.role,au1_0.skills,au1_0.username from app_users au1_0
2026-05-05T22:06:05.029+05:30 DEBUG 48328 --- [Job Portal Management System] [io-8080-exec-10] org.hibernate.SQL                        : select j1_0.id,j1_0.active,j1_0.approval_status,j1_0.category,j1_0.description,j1_0.employer_id,j1_0.experience,j1_0.location,j1_0.posted_at,j1_0.salary,j1_0.skills_required,j1_0.title from job j1_0
2026-05-05T22:06:05.032+05:30 DEBUG 48328 --- [Job Portal Management System] [io-8080-exec-10] org.hibernate.SQL                        : select j1_0.id,j1_0.active,j1_0.approval_status,j1_0.category,j1_0.description,j1_0.employer_id,j1_0.experience,j1_0.location,j1_0.posted_at,j1_0.salary,j1_0.skills_required,j1_0.title from job j1_0 where j1_0.approval_status=? order by j1_0.posted_at desc
2026-05-05T22:06:05.034+05:30 DEBUG 48328 --- [Job Portal Management System] [io-8080-exec-10] org.hibernate.SQL                        : select ja1_0.id,ja1_0.applied_at,ja1_0.cover_note,ja1_0.job_id,ja1_0.resume_path,ja1_0.status,ja1_0.student_id from job_application ja1_0
2026-05-05T22:06:05.036+05:30 DEBUG 48328 --- [Job Portal Management System] [io-8080-exec-10] o.s.w.s.v.ContentNegotiatingViewResolver : Selected 'text/html' given [text/html, application/xhtml+xml, image/avif, image/webp, image/apng, application/xml;q=0.9, */*;q=0.8, application/signed-exchange;v=b3;q=0.7]
2026-05-05T22:06:05.040+05:30 DEBUG 48328 --- [Job Portal Management System] [io-8080-exec-10] o.s.web.servlet.DispatcherServlet        : Completed 200 OK
2026-05-05T22:06:05.059+05:30 DEBUG 48328 --- [Job Portal Management System] [nio-8080-exec-1] o.s.web.servlet.DispatcherServlet        : GET "/css/styles.css", parameters={}
2026-05-05T22:06:05.059+05:30 DEBUG 48328 --- [Job Portal Management System] [nio-8080-exec-3] o.s.web.servlet.DispatcherServlet        : GET "/js/app.js", parameters={}
2026-05-05T22:06:05.061+05:30 DEBUG 48328 --- [Job Portal Management System] [nio-8080-exec-3] o.s.w.s.handler.SimpleUrlHandlerMapping  : Mapped to ResourceHttpRequestHandler [classpath [META-INF/resources/], classpath [resources/], classpath [static/], classpath [public/], ServletContext [/]]
2026-05-05T22:06:05.060+05:30 DEBUG 48328 --- [Job Portal Management System] [nio-8080-exec-1] o.s.w.s.handler.SimpleUrlHandlerMapping  : Mapped to ResourceHttpRequestHandler [classpath [META-INF/resources/], classpath [resources/], classpath [static/], classpath [public/], ServletContext [/]]
2026-05-05T22:06:05.065+05:30 DEBUG 48328 --- [Job Portal Management System] [nio-8080-exec-1] o.s.web.servlet.DispatcherServlet        : Completed 200 OK
2026-05-05T22:06:05.065+05:30 DEBUG 48328 --- [Job Portal Management System] [nio-8080-exec-3] o.s.web.servlet.DispatcherServlet        : Completed 200 OK
2026-05-05T22:06:06.231+05:30 DEBUG 48328 --- [Job Portal Management System] [nio-8080-exec-4] o.s.web.servlet.DispatcherServlet        : GET "/", parameters={}
2026-05-05T22:06:06.234+05:30 DEBUG 48328 --- [Job Portal Management System] [nio-8080-exec-4] s.w.s.m.m.a.RequestMappingHandlerMapping : Mapped to com.arjun.jobportal.controller.MainController#home(Model)
2026-05-05T22:06:06.236+05:30 DEBUG 48328 --- [Job Portal Management System] [nio-8080-exec-4] org.hibernate.SQL                        : select j1_0.id,j1_0.active,j1_0.approval_status,j1_0.category,j1_0.description,j1_0.employer_id,j1_0.experience,j1_0.location,j1_0.posted_at,j1_0.salary,j1_0.skills_required,j1_0.title from job j1_0 where j1_0.active and j1_0.approval_status=? order by j1_0.posted_at desc
2026-05-05T22:06:06.239+05:30 DEBUG 48328 --- [Job Portal Management System] [nio-8080-exec-4] org.hibernate.SQL                        : select au1_0.id,au1_0.company_name,au1_0.email,au1_0.experience,au1_0.full_name,au1_0.location,au1_0.password,au1_0.phone,au1_0.resume_path,au1_0.role,au1_0.skills,au1_0.username from app_users au1_0 where au1_0.role=?
2026-05-05T22:06:06.241+05:30 DEBUG 48328 --- [Job Portal Management System] [nio-8080-exec-4] org.hibernate.SQL                        : select au1_0.id,au1_0.company_name,au1_0.email,au1_0.experience,au1_0.full_name,au1_0.location,au1_0.password,au1_0.phone,au1_0.resume_path,au1_0.role,au1_0.skills,au1_0.username from app_users au1_0 where au1_0.role=?
2026-05-05T22:06:06.243+05:30 DEBUG 48328 --- [Job Portal Management System] [nio-8080-exec-4] o.s.w.s.v.ContentNegotiatingViewResolver : Selected 'text/html' given [text/html, application/xhtml+xml, image/avif, image/webp, image/apng, application/xml;q=0.9, */*;q=0.8, application/signed-exchange;v=b3;q=0.7]
2026-05-05T22:06:06.246+05:30 DEBUG 48328 --- [Job Portal Management System] [nio-8080-exec-4] o.s.web.servlet.DispatcherServlet        : Completed 200 OK
2026-05-05T22:06:06.260+05:30 DEBUG 48328 --- [Job Portal Management System] [nio-8080-exec-6] o.s.web.servlet.DispatcherServlet        : GET "/css/styles.css", parameters={}
2026-05-05T22:06:06.260+05:30 DEBUG 48328 --- [Job Portal Management System] [nio-8080-exec-5] o.s.web.servlet.DispatcherServlet        : GET "/js/app.js", parameters={}
2026-05-05T22:06:06.261+05:30 DEBUG 48328 --- [Job Portal Management System] [nio-8080-exec-6] o.s.w.s.handler.SimpleUrlHandlerMapping  : Mapped to ResourceHttpRequestHandler [classpath [META-INF/resources/], classpath [resources/], classpath [static/], classpath [public/], ServletContext [/]]
2026-05-05T22:06:06.261+05:30 DEBUG 48328 --- [Job Portal Management System] [nio-8080-exec-5] o.s.w.s.handler.SimpleUrlHandlerMapping  : Mapped to ResourceHttpRequestHandler [classpath [META-INF/resources/], classpath [resources/], classpath [static/], classpath [public/], ServletContext [/]]
2026-05-05T22:06:06.264+05:30 DEBUG 48328 --- [Job Portal Management System] [nio-8080-exec-6] o.s.web.servlet.DispatcherServlet        : Completed 200 OK
2026-05-05T22:06:06.267+05:30 DEBUG 48328 --- [Job Portal Management System] [nio-8080-exec-5] o.s.web.servlet.DispatcherServlet        : Completed 200 OK
2026-05-05T22:06:07.533+05:30 DEBUG 48328 --- [Job Portal Management System] [nio-8080-exec-9] o.s.web.servlet.DispatcherServlet        : GET "/login", parameters={}
2026-05-05T22:06:07.538+05:30 DEBUG 48328 --- [Job Portal Management System] [nio-8080-exec-9] s.w.s.m.m.a.RequestMappingHandlerMapping : Mapped to com.arjun.jobportal.controller.MainController#login(Model)
2026-05-05T22:06:07.540+05:30 DEBUG 48328 --- [Job Portal Management System] [nio-8080-exec-9] o.s.w.s.v.ContentNegotiatingViewResolver : Selected 'text/html' given [text/html, application/xhtml+xml, image/avif, image/webp, image/apng, application/xml;q=0.9, */*;q=0.8, application/signed-exchange;v=b3;q=0.7]
2026-05-05T22:06:07.543+05:30 DEBUG 48328 --- [Job Portal Management System] [nio-8080-exec-9] o.s.web.servlet.DispatcherServlet        : Completed 200 OK
2026-05-05T22:06:07.560+05:30 DEBUG 48328 --- [Job Portal Management System] [nio-8080-exec-7] o.s.web.servlet.DispatcherServlet        : GET "/css/styles.css", parameters={}
2026-05-05T22:06:07.561+05:30 DEBUG 48328 --- [Job Portal Management System] [nio-8080-exec-8] o.s.web.servlet.DispatcherServlet        : GET "/js/app.js?v=1777998967543", parameters={masked}
2026-05-05T22:06:07.561+05:30 DEBUG 48328 --- [Job Portal Management System] [nio-8080-exec-7] o.s.w.s.handler.SimpleUrlHandlerMapping  : Mapped to ResourceHttpRequestHandler [classpath [META-INF/resources/], classpath [resources/], classpath [static/], classpath [public/], ServletContext [/]]
2026-05-05T22:06:07.561+05:30 DEBUG 48328 --- [Job Portal Management System] [nio-8080-exec-8] o.s.w.s.handler.SimpleUrlHandlerMapping  : Mapped to ResourceHttpRequestHandler [classpath [META-INF/resources/], classpath [resources/], classpath [static/], classpath [public/], ServletContext [/]]
2026-05-05T22:06:07.564+05:30 DEBUG 48328 --- [Job Portal Management System] [nio-8080-exec-8] o.s.web.servlet.DispatcherServlet        : Completed 200 OK
2026-05-05T22:06:07.564+05:30 DEBUG 48328 --- [Job Portal Management System] [nio-8080-exec-7] o.s.web.servlet.DispatcherServlet        : Completed 200 OK
2026-05-05T22:06:19.018+05:30 DEBUG 48328 --- [Job Portal Management System] [io-8080-exec-10] org.hibernate.SQL                        : select au1_0.id,au1_0.company_name,au1_0.email,au1_0.experience,au1_0.full_name,au1_0.location,au1_0.password,au1_0.phone,au1_0.resume_path,au1_0.role,au1_0.skills,au1_0.username from app_users au1_0 where au1_0.email=? or au1_0.username=?
2026-05-05T22:06:19.173+05:30 DEBUG 48328 --- [Job Portal Management System] [nio-8080-exec-1] o.s.web.servlet.DispatcherServlet        : GET "/dashboard", parameters={}
2026-05-05T22:06:19.174+05:30 DEBUG 48328 --- [Job Portal Management System] [nio-8080-exec-1] s.w.s.m.m.a.RequestMappingHandlerMapping : Mapped to com.arjun.jobportal.controller.MainController#dashboard(Authentication)
2026-05-05T22:06:19.177+05:30 DEBUG 48328 --- [Job Portal Management System] [nio-8080-exec-1] org.hibernate.SQL                        : select au1_0.id,au1_0.company_name,au1_0.email,au1_0.experience,au1_0.full_name,au1_0.location,au1_0.password,au1_0.phone,au1_0.resume_path,au1_0.role,au1_0.skills,au1_0.username from app_users au1_0 where au1_0.email=? or au1_0.username=?
2026-05-05T22:06:19.180+05:30 DEBUG 48328 --- [Job Portal Management System] [nio-8080-exec-1] org.hibernate.SQL                        : select au1_0.id,au1_0.company_name,au1_0.email,au1_0.experience,au1_0.full_name,au1_0.location,au1_0.password,au1_0.phone,au1_0.resume_path,au1_0.role,au1_0.skills,au1_0.username from app_users au1_0 where au1_0.email=? or au1_0.username=?
2026-05-05T22:06:19.182+05:30 DEBUG 48328 --- [Job Portal Management System] [nio-8080-exec-1] o.s.web.servlet.view.RedirectView        : View name [redirect:], model {}
2026-05-05T22:06:19.182+05:30 DEBUG 48328 --- [Job Portal Management System] [nio-8080-exec-1] o.s.web.servlet.DispatcherServlet        : Completed 302 FOUND
2026-05-05T22:06:19.186+05:30 DEBUG 48328 --- [Job Portal Management System] [nio-8080-exec-3] o.s.web.servlet.DispatcherServlet        : GET "/admin/dashboard", parameters={}
2026-05-05T22:06:19.186+05:30 DEBUG 48328 --- [Job Portal Management System] [nio-8080-exec-3] s.w.s.m.m.a.RequestMappingHandlerMapping : Mapped to com.arjun.jobportal.controller.MainController#adminDashboard(Model, Authentication)
2026-05-05T22:06:19.188+05:30 DEBUG 48328 --- [Job Portal Management System] [nio-8080-exec-3] org.hibernate.SQL                        : select au1_0.id,au1_0.company_name,au1_0.email,au1_0.experience,au1_0.full_name,au1_0.location,au1_0.password,au1_0.phone,au1_0.resume_path,au1_0.role,au1_0.skills,au1_0.username from app_users au1_0 where au1_0.email=? or au1_0.username=?
2026-05-05T22:06:19.191+05:30 DEBUG 48328 --- [Job Portal Management System] [nio-8080-exec-3] org.hibernate.SQL                        : select au1_0.id,au1_0.company_name,au1_0.email,au1_0.experience,au1_0.full_name,au1_0.location,au1_0.password,au1_0.phone,au1_0.resume_path,au1_0.role,au1_0.skills,au1_0.username from app_users au1_0 where au1_0.email=? or au1_0.username=?
2026-05-05T22:06:19.193+05:30 DEBUG 48328 --- [Job Portal Management System] [nio-8080-exec-3] org.hibernate.SQL                        : select au1_0.id,au1_0.company_name,au1_0.email,au1_0.experience,au1_0.full_name,au1_0.location,au1_0.password,au1_0.phone,au1_0.resume_path,au1_0.role,au1_0.skills,au1_0.username from app_users au1_0
2026-05-05T22:06:19.196+05:30 DEBUG 48328 --- [Job Portal Management System] [nio-8080-exec-3] org.hibernate.SQL                        : select j1_0.id,j1_0.active,j1_0.approval_status,j1_0.category,j1_0.description,j1_0.employer_id,j1_0.experience,j1_0.location,j1_0.posted_at,j1_0.salary,j1_0.skills_required,j1_0.title from job j1_0
2026-05-05T22:06:19.198+05:30 DEBUG 48328 --- [Job Portal Management System] [nio-8080-exec-3] org.hibernate.SQL                        : select j1_0.id,j1_0.active,j1_0.approval_status,j1_0.category,j1_0.description,j1_0.employer_id,j1_0.experience,j1_0.location,j1_0.posted_at,j1_0.salary,j1_0.skills_required,j1_0.title from job j1_0 where j1_0.approval_status=? order by j1_0.posted_at desc
2026-05-05T22:06:19.200+05:30 DEBUG 48328 --- [Job Portal Management System] [nio-8080-exec-3] org.hibernate.SQL                        : select ja1_0.id,ja1_0.applied_at,ja1_0.cover_note,ja1_0.job_id,ja1_0.resume_path,ja1_0.status,ja1_0.student_id from job_application ja1_0
2026-05-05T22:06:19.202+05:30 DEBUG 48328 --- [Job Portal Management System] [nio-8080-exec-3] o.s.w.s.v.ContentNegotiatingViewResolver : Selected 'text/html' given [text/html, application/xhtml+xml, image/avif, image/webp, image/apng, application/xml;q=0.9, */*;q=0.8, application/signed-exchange;v=b3;q=0.7]
2026-05-05T22:06:19.205+05:30 DEBUG 48328 --- [Job Portal Management System] [nio-8080-exec-3] o.s.web.servlet.DispatcherServlet        : Completed 200 OK
2026-05-05T22:06:19.223+05:30 DEBUG 48328 --- [Job Portal Management System] [nio-8080-exec-2] o.s.web.servlet.DispatcherServlet        : GET "/css/styles.css", parameters={}
2026-05-05T22:06:19.223+05:30 DEBUG 48328 --- [Job Portal Management System] [nio-8080-exec-4] o.s.web.servlet.DispatcherServlet        : GET "/js/app.js", parameters={}
2026-05-05T22:06:19.224+05:30 DEBUG 48328 --- [Job Portal Management System] [nio-8080-exec-2] o.s.w.s.handler.SimpleUrlHandlerMapping  : Mapped to ResourceHttpRequestHandler [classpath [META-INF/resources/], classpath [resources/], classpath [static/], classpath [public/], ServletContext [/]]
2026-05-05T22:06:19.224+05:30 DEBUG 48328 --- [Job Portal Management System] [nio-8080-exec-4] o.s.w.s.handler.SimpleUrlHandlerMapping  : Mapped to ResourceHttpRequestHandler [classpath [META-INF/resources/], classpath [resources/], classpath [static/], classpath [public/], ServletContext [/]]
2026-05-05T22:06:19.226+05:30 DEBUG 48328 --- [Job Portal Management System] [nio-8080-exec-4] o.s.web.servlet.DispatcherServlet        : Completed 200 OK
2026-05-05T22:06:19.226+05:30 DEBUG 48328 --- [Job Portal Management System] [nio-8080-exec-2] o.s.web.servlet.DispatcherServlet        : Completed 200 OK
2026-05-05T22:06:22.419+05:30 DEBUG 48328 --- [Job Portal Management System] [nio-8080-exec-6] o.s.web.servlet.DispatcherServlet        : GET "/login", parameters={}
2026-05-05T22:06:22.426+05:30 DEBUG 48328 --- [Job Portal Management System] [nio-8080-exec-6] s.w.s.m.m.a.RequestMappingHandlerMapping : Mapped to com.arjun.jobportal.controller.MainController#login(Model)
2026-05-05T22:06:22.427+05:30 DEBUG 48328 --- [Job Portal Management System] [nio-8080-exec-6] org.hibernate.SQL                        : select au1_0.id,au1_0.company_name,au1_0.email,au1_0.experience,au1_0.full_name,au1_0.location,au1_0.password,au1_0.phone,au1_0.resume_path,au1_0.role,au1_0.skills,au1_0.username from app_users au1_0 where au1_0.email=? or au1_0.username=?
2026-05-05T22:06:22.430+05:30 DEBUG 48328 --- [Job Portal Management System] [nio-8080-exec-6] o.s.w.s.v.ContentNegotiatingViewResolver : Selected 'text/html' given [text/html, application/xhtml+xml, image/avif, image/webp, image/apng, application/xml;q=0.9, */*;q=0.8, application/signed-exchange;v=b3;q=0.7]
2026-05-05T22:06:22.434+05:30 DEBUG 48328 --- [Job Portal Management System] [nio-8080-exec-6] o.s.web.servlet.DispatcherServlet        : Completed 200 OK
2026-05-05T22:06:22.450+05:30 DEBUG 48328 --- [Job Portal Management System] [nio-8080-exec-5] o.s.web.servlet.DispatcherServlet        : GET "/css/styles.css", parameters={}
2026-05-05T22:06:22.450+05:30 DEBUG 48328 --- [Job Portal Management System] [nio-8080-exec-9] o.s.web.servlet.DispatcherServlet        : GET "/js/app.js?v=1777998982433", parameters={masked}
2026-05-05T22:06:22.450+05:30 DEBUG 48328 --- [Job Portal Management System] [nio-8080-exec-5] o.s.w.s.handler.SimpleUrlHandlerMapping  : Mapped to ResourceHttpRequestHandler [classpath [META-INF/resources/], classpath [resources/], classpath [static/], classpath [public/], ServletContext [/]]
2026-05-05T22:06:22.451+05:30 DEBUG 48328 --- [Job Portal Management System] [nio-8080-exec-9] o.s.w.s.handler.SimpleUrlHandlerMapping  : Mapped to ResourceHttpRequestHandler [classpath [META-INF/resources/], classpath [resources/], classpath [static/], classpath [public/], ServletContext [/]]
2026-05-05T22:06:22.453+05:30 DEBUG 48328 --- [Job Portal Management System] [nio-8080-exec-9] o.s.web.servlet.DispatcherServlet        : Completed 200 OK
2026-05-05T22:06:22.453+05:30 DEBUG 48328 --- [Job Portal Management System] [nio-8080-exec-5] o.s.web.servlet.DispatcherServlet        : Completed 200 OK
2026-05-05T22:07:57.369+05:30 DEBUG 48328 --- [Job Portal Management System] [io-8080-exec-10] org.hibernate.SQL                        : select au1_0.id,au1_0.company_name,au1_0.email,au1_0.experience,au1_0.full_name,au1_0.location,au1_0.password,au1_0.phone,au1_0.resume_path,au1_0.role,au1_0.skills,au1_0.username from app_users au1_0 where au1_0.email=? or au1_0.username=?
2026-05-05T22:07:57.527+05:30 DEBUG 48328 --- [Job Portal Management System] [nio-8080-exec-1] o.s.web.servlet.DispatcherServlet        : GET "/dashboard", parameters={}
2026-05-05T22:07:57.528+05:30 DEBUG 48328 --- [Job Portal Management System] [nio-8080-exec-1] s.w.s.m.m.a.RequestMappingHandlerMapping : Mapped to com.arjun.jobportal.controller.MainController#dashboard(Authentication)
2026-05-05T22:07:57.531+05:30 DEBUG 48328 --- [Job Portal Management System] [nio-8080-exec-1] org.hibernate.SQL                        : select au1_0.id,au1_0.company_name,au1_0.email,au1_0.experience,au1_0.full_name,au1_0.location,au1_0.password,au1_0.phone,au1_0.resume_path,au1_0.role,au1_0.skills,au1_0.username from app_users au1_0 where au1_0.email=? or au1_0.username=?
2026-05-05T22:07:57.533+05:30 DEBUG 48328 --- [Job Portal Management System] [nio-8080-exec-1] org.hibernate.SQL                        : select au1_0.id,au1_0.company_name,au1_0.email,au1_0.experience,au1_0.full_name,au1_0.location,au1_0.password,au1_0.phone,au1_0.resume_path,au1_0.role,au1_0.skills,au1_0.username from app_users au1_0 where au1_0.email=? or au1_0.username=?
2026-05-05T22:07:57.534+05:30 DEBUG 48328 --- [Job Portal Management System] [nio-8080-exec-1] o.s.web.servlet.view.RedirectView        : View name [redirect:], model {}
2026-05-05T22:07:57.535+05:30 DEBUG 48328 --- [Job Portal Management System] [nio-8080-exec-1] o.s.web.servlet.DispatcherServlet        : Completed 302 FOUND
2026-05-05T22:07:57.538+05:30 DEBUG 48328 --- [Job Portal Management System] [nio-8080-exec-3] o.s.web.servlet.DispatcherServlet        : GET "/admin/dashboard", parameters={}
2026-05-05T22:07:57.539+05:30 DEBUG 48328 --- [Job Portal Management System] [nio-8080-exec-3] s.w.s.m.m.a.RequestMappingHandlerMapping : Mapped to com.arjun.jobportal.controller.MainController#adminDashboard(Model, Authentication)
2026-05-05T22:07:57.541+05:30 DEBUG 48328 --- [Job Portal Management System] [nio-8080-exec-3] org.hibernate.SQL                        : select au1_0.id,au1_0.company_name,au1_0.email,au1_0.experience,au1_0.full_name,au1_0.location,au1_0.password,au1_0.phone,au1_0.resume_path,au1_0.role,au1_0.skills,au1_0.username from app_users au1_0 where au1_0.email=? or au1_0.username=?
2026-05-05T22:07:57.544+05:30 DEBUG 48328 --- [Job Portal Management System] [nio-8080-exec-3] org.hibernate.SQL                        : select au1_0.id,au1_0.company_name,au1_0.email,au1_0.experience,au1_0.full_name,au1_0.location,au1_0.password,au1_0.phone,au1_0.resume_path,au1_0.role,au1_0.skills,au1_0.username from app_users au1_0 where au1_0.email=? or au1_0.username=?
2026-05-05T22:07:57.545+05:30 DEBUG 48328 --- [Job Portal Management System] [nio-8080-exec-3] org.hibernate.SQL                        : select au1_0.id,au1_0.company_name,au1_0.email,au1_0.experience,au1_0.full_name,au1_0.location,au1_0.password,au1_0.phone,au1_0.resume_path,au1_0.role,au1_0.skills,au1_0.username from app_users au1_0
2026-05-05T22:07:57.549+05:30 DEBUG 48328 --- [Job Portal Management System] [nio-8080-exec-3] org.hibernate.SQL                        : select j1_0.id,j1_0.active,j1_0.approval_status,j1_0.category,j1_0.description,j1_0.employer_id,j1_0.experience,j1_0.location,j1_0.posted_at,j1_0.salary,j1_0.skills_required,j1_0.title from job j1_0
2026-05-05T22:07:57.550+05:30 DEBUG 48328 --- [Job Portal Management System] [nio-8080-exec-3] org.hibernate.SQL                        : select j1_0.id,j1_0.active,j1_0.approval_status,j1_0.category,j1_0.description,j1_0.employer_id,j1_0.experience,j1_0.location,j1_0.posted_at,j1_0.salary,j1_0.skills_required,j1_0.title from job j1_0 where j1_0.approval_status=? order by j1_0.posted_at desc
2026-05-05T22:07:57.552+05:30 DEBUG 48328 --- [Job Portal Management System] [nio-8080-exec-3] org.hibernate.SQL                        : select ja1_0.id,ja1_0.applied_at,ja1_0.cover_note,ja1_0.job_id,ja1_0.resume_path,ja1_0.status,ja1_0.student_id from job_application ja1_0
2026-05-05T22:07:57.553+05:30 DEBUG 48328 --- [Job Portal Management System] [nio-8080-exec-3] o.s.w.s.v.ContentNegotiatingViewResolver : Selected 'text/html' given [text/html, application/xhtml+xml, image/avif, image/webp, image/apng, application/xml;q=0.9, */*;q=0.8, application/signed-exchange;v=b3;q=0.7]
2026-05-05T22:07:57.557+05:30 DEBUG 48328 --- [Job Portal Management System] [nio-8080-exec-3] o.s.web.servlet.DispatcherServlet        : Completed 200 OK
2026-05-05T22:07:57.578+05:30 DEBUG 48328 --- [Job Portal Management System] [nio-8080-exec-2] o.s.web.servlet.DispatcherServlet        : GET "/css/styles.css", parameters={}
2026-05-05T22:07:57.579+05:30 DEBUG 48328 --- [Job Portal Management System] [nio-8080-exec-4] o.s.web.servlet.DispatcherServlet        : GET "/js/app.js", parameters={}
2026-05-05T22:07:57.579+05:30 DEBUG 48328 --- [Job Portal Management System] [nio-8080-exec-2] o.s.w.s.handler.SimpleUrlHandlerMapping  : Mapped to ResourceHttpRequestHandler [classpath [META-INF/resources/], classpath [resources/], classpath [static/], classpath [public/], ServletContext [/]]
2026-05-05T22:07:57.579+05:30 DEBUG 48328 --- [Job Portal Management System] [nio-8080-exec-4] o.s.w.s.handler.SimpleUrlHandlerMapping  : Mapped to ResourceHttpRequestHandler [classpath [META-INF/resources/], classpath [resources/], classpath [static/], classpath [public/], ServletContext [/]]
2026-05-05T22:07:57.582+05:30 DEBUG 48328 --- [Job Portal Management System] [nio-8080-exec-2] o.s.web.servlet.DispatcherServlet        : Completed 200 OK
2026-05-05T22:07:57.583+05:30 DEBUG 48328 --- [Job Portal Management System] [nio-8080-exec-4] o.s.web.servlet.DispatcherServlet        : Completed 200 OK
2026-05-05T22:08:07.041+05:30 DEBUG 48328 --- [Job Portal Management System] [nio-8080-exec-6] o.s.web.servlet.DispatcherServlet        : POST "/admin/jobs/1/approval", parameters={masked}
2026-05-05T22:08:07.042+05:30 DEBUG 48328 --- [Job Portal Management System] [nio-8080-exec-6] s.w.s.m.m.a.RequestMappingHandlerMapping : Mapped to com.arjun.jobportal.controller.MainController#updateJobApproval(Long, JobApprovalStatus, Authentication)
2026-05-05T22:08:07.046+05:30 DEBUG 48328 --- [Job Portal Management System] [nio-8080-exec-6] org.hibernate.SQL                        : select au1_0.id,au1_0.company_name,au1_0.email,au1_0.experience,au1_0.full_name,au1_0.location,au1_0.password,au1_0.phone,au1_0.resume_path,au1_0.role,au1_0.skills,au1_0.username from app_users au1_0 where au1_0.email=? or au1_0.username=?
2026-05-05T22:08:07.055+05:30 DEBUG 48328 --- [Job Portal Management System] [nio-8080-exec-6] org.hibernate.SQL                        : select au1_0.id,au1_0.company_name,au1_0.email,au1_0.experience,au1_0.full_name,au1_0.location,au1_0.password,au1_0.phone,au1_0.resume_path,au1_0.role,au1_0.skills,au1_0.username from app_users au1_0 where au1_0.email=? or au1_0.username=?
2026-05-05T22:08:07.060+05:30 DEBUG 48328 --- [Job Portal Management System] [nio-8080-exec-6] org.hibernate.SQL                        : select j1_0.id,j1_0.active,j1_0.approval_status,j1_0.category,j1_0.description,j1_0.employer_id,j1_0.experience,j1_0.location,j1_0.posted_at,j1_0.salary,j1_0.skills_required,j1_0.title from job j1_0 where j1_0.id=?
2026-05-05T22:08:07.066+05:30 DEBUG 48328 --- [Job Portal Management System] [nio-8080-exec-6] o.s.web.servlet.view.RedirectView        : View name [redirect:], model {}
2026-05-05T22:08:07.067+05:30 DEBUG 48328 --- [Job Portal Management System] [nio-8080-exec-6] o.s.web.servlet.DispatcherServlet        : Completed 302 FOUND
2026-05-05T22:08:07.071+05:30 DEBUG 48328 --- [Job Portal Management System] [nio-8080-exec-9] o.s.web.servlet.DispatcherServlet        : GET "/admin/dashboard?approvalUpdated", parameters={masked}
2026-05-05T22:08:07.072+05:30 DEBUG 48328 --- [Job Portal Management System] [nio-8080-exec-9] s.w.s.m.m.a.RequestMappingHandlerMapping : Mapped to com.arjun.jobportal.controller.MainController#adminDashboard(Model, Authentication)
2026-05-05T22:08:07.075+05:30 DEBUG 48328 --- [Job Portal Management System] [nio-8080-exec-9] org.hibernate.SQL                        : select au1_0.id,au1_0.company_name,au1_0.email,au1_0.experience,au1_0.full_name,au1_0.location,au1_0.password,au1_0.phone,au1_0.resume_path,au1_0.role,au1_0.skills,au1_0.username from app_users au1_0 where au1_0.email=? or au1_0.username=?
2026-05-05T22:08:07.078+05:30 DEBUG 48328 --- [Job Portal Management System] [nio-8080-exec-9] org.hibernate.SQL                        : select au1_0.id,au1_0.company_name,au1_0.email,au1_0.experience,au1_0.full_name,au1_0.location,au1_0.password,au1_0.phone,au1_0.resume_path,au1_0.role,au1_0.skills,au1_0.username from app_users au1_0 where au1_0.email=? or au1_0.username=?
2026-05-05T22:08:07.081+05:30 DEBUG 48328 --- [Job Portal Management System] [nio-8080-exec-9] org.hibernate.SQL                        : select au1_0.id,au1_0.company_name,au1_0.email,au1_0.experience,au1_0.full_name,au1_0.location,au1_0.password,au1_0.phone,au1_0.resume_path,au1_0.role,au1_0.skills,au1_0.username from app_users au1_0
2026-05-05T22:08:07.085+05:30 DEBUG 48328 --- [Job Portal Management System] [nio-8080-exec-9] org.hibernate.SQL                        : select j1_0.id,j1_0.active,j1_0.approval_status,j1_0.category,j1_0.description,j1_0.employer_id,j1_0.experience,j1_0.location,j1_0.posted_at,j1_0.salary,j1_0.skills_required,j1_0.title from job j1_0
2026-05-05T22:08:07.087+05:30 DEBUG 48328 --- [Job Portal Management System] [nio-8080-exec-9] org.hibernate.SQL                        : select j1_0.id,j1_0.active,j1_0.approval_status,j1_0.category,j1_0.description,j1_0.employer_id,j1_0.experience,j1_0.location,j1_0.posted_at,j1_0.salary,j1_0.skills_required,j1_0.title from job j1_0 where j1_0.approval_status=? order by j1_0.posted_at desc
2026-05-05T22:08:07.090+05:30 DEBUG 48328 --- [Job Portal Management System] [nio-8080-exec-9] org.hibernate.SQL                        : select ja1_0.id,ja1_0.applied_at,ja1_0.cover_note,ja1_0.job_id,ja1_0.resume_path,ja1_0.status,ja1_0.student_id from job_application ja1_0
2026-05-05T22:08:07.092+05:30 DEBUG 48328 --- [Job Portal Management System] [nio-8080-exec-9] o.s.w.s.v.ContentNegotiatingViewResolver : Selected 'text/html' given [text/html, application/xhtml+xml, image/avif, image/webp, image/apng, application/xml;q=0.9, */*;q=0.8, application/signed-exchange;v=b3;q=0.7]
2026-05-05T22:08:07.095+05:30 DEBUG 48328 --- [Job Portal Management System] [nio-8080-exec-9] o.s.web.servlet.DispatcherServlet        : Completed 200 OK
2026-05-05T22:08:07.109+05:30 DEBUG 48328 --- [Job Portal Management System] [nio-8080-exec-5] o.s.web.servlet.DispatcherServlet        : GET "/css/styles.css", parameters={}
2026-05-05T22:08:07.109+05:30 DEBUG 48328 --- [Job Portal Management System] [nio-8080-exec-8] o.s.web.servlet.DispatcherServlet        : GET "/js/app.js", parameters={}
2026-05-05T22:08:07.109+05:30 DEBUG 48328 --- [Job Portal Management System] [nio-8080-exec-5] o.s.w.s.handler.SimpleUrlHandlerMapping  : Mapped to ResourceHttpRequestHandler [classpath [META-INF/resources/], classpath [resources/], classpath [static/], classpath [public/], ServletContext [/]]
2026-05-05T22:08:07.110+05:30 DEBUG 48328 --- [Job Portal Management System] [nio-8080-exec-8] o.s.w.s.handler.SimpleUrlHandlerMapping  : Mapped to ResourceHttpRequestHandler [classpath [META-INF/resources/], classpath [resources/], classpath [static/], classpath [public/], ServletContext [/]]
2026-05-05T22:08:07.112+05:30 DEBUG 48328 --- [Job Portal Management System] [nio-8080-exec-8] o.s.web.servlet.DispatcherServlet        : Completed 200 OK
2026-05-05T22:08:07.112+05:30 DEBUG 48328 --- [Job Portal Management System] [nio-8080-exec-5] o.s.web.servlet.DispatcherServlet        : Completed 200 OK
2026-05-05T22:08:16.247+05:30 DEBUG 48328 --- [Job Portal Management System] [nio-8080-exec-7] o.s.web.servlet.DispatcherServlet        : POST "/admin/jobs/1/approval", parameters={masked}
2026-05-05T22:08:16.259+05:30 DEBUG 48328 --- [Job Portal Management System] [nio-8080-exec-7] s.w.s.m.m.a.RequestMappingHandlerMapping : Mapped to com.arjun.jobportal.controller.MainController#updateJobApproval(Long, JobApprovalStatus, Authentication)
2026-05-05T22:08:16.261+05:30 DEBUG 48328 --- [Job Portal Management System] [nio-8080-exec-7] org.hibernate.SQL                        : select au1_0.id,au1_0.company_name,au1_0.email,au1_0.experience,au1_0.full_name,au1_0.location,au1_0.password,au1_0.phone,au1_0.resume_path,au1_0.role,au1_0.skills,au1_0.username from app_users au1_0 where au1_0.email=? or au1_0.username=?
2026-05-05T22:08:16.273+05:30 DEBUG 48328 --- [Job Portal Management System] [nio-8080-exec-7] org.hibernate.SQL                        : select au1_0.id,au1_0.company_name,au1_0.email,au1_0.experience,au1_0.full_name,au1_0.location,au1_0.password,au1_0.phone,au1_0.resume_path,au1_0.role,au1_0.skills,au1_0.username from app_users au1_0 where au1_0.email=? or au1_0.username=?
2026-05-05T22:08:16.277+05:30 DEBUG 48328 --- [Job Portal Management System] [nio-8080-exec-7] org.hibernate.SQL                        : select j1_0.id,j1_0.active,j1_0.approval_status,j1_0.category,j1_0.description,j1_0.employer_id,j1_0.experience,j1_0.location,j1_0.posted_at,j1_0.salary,j1_0.skills_required,j1_0.title from job j1_0 where j1_0.id=?
2026-05-05T22:08:16.283+05:30 DEBUG 48328 --- [Job Portal Management System] [nio-8080-exec-7] o.s.web.servlet.view.RedirectView        : View name [redirect:], model {}
2026-05-05T22:08:16.283+05:30 DEBUG 48328 --- [Job Portal Management System] [nio-8080-exec-7] o.s.web.servlet.DispatcherServlet        : Completed 302 FOUND
2026-05-05T22:08:16.288+05:30 DEBUG 48328 --- [Job Portal Management System] [io-8080-exec-10] o.s.web.servlet.DispatcherServlet        : GET "/admin/dashboard?approvalUpdated", parameters={masked}
2026-05-05T22:08:16.288+05:30 DEBUG 48328 --- [Job Portal Management System] [io-8080-exec-10] s.w.s.m.m.a.RequestMappingHandlerMapping : Mapped to com.arjun.jobportal.controller.MainController#adminDashboard(Model, Authentication)
2026-05-05T22:08:16.290+05:30 DEBUG 48328 --- [Job Portal Management System] [io-8080-exec-10] org.hibernate.SQL                        : select au1_0.id,au1_0.company_name,au1_0.email,au1_0.experience,au1_0.full_name,au1_0.location,au1_0.password,au1_0.phone,au1_0.resume_path,au1_0.role,au1_0.skills,au1_0.username from app_users au1_0 where au1_0.email=? or au1_0.username=?
2026-05-05T22:08:16.292+05:30 DEBUG 48328 --- [Job Portal Management System] [io-8080-exec-10] org.hibernate.SQL                        : select au1_0.id,au1_0.company_name,au1_0.email,au1_0.experience,au1_0.full_name,au1_0.location,au1_0.password,au1_0.phone,au1_0.resume_path,au1_0.role,au1_0.skills,au1_0.username from app_users au1_0 where au1_0.email=? or au1_0.username=?
2026-05-05T22:08:16.294+05:30 DEBUG 48328 --- [Job Portal Management System] [io-8080-exec-10] org.hibernate.SQL                        : select au1_0.id,au1_0.company_name,au1_0.email,au1_0.experience,au1_0.full_name,au1_0.location,au1_0.password,au1_0.phone,au1_0.resume_path,au1_0.role,au1_0.skills,au1_0.username from app_users au1_0
2026-05-05T22:08:16.298+05:30 DEBUG 48328 --- [Job Portal Management System] [io-8080-exec-10] org.hibernate.SQL                        : select j1_0.id,j1_0.active,j1_0.approval_status,j1_0.category,j1_0.description,j1_0.employer_id,j1_0.experience,j1_0.location,j1_0.posted_at,j1_0.salary,j1_0.skills_required,j1_0.title from job j1_0
2026-05-05T22:08:16.301+05:30 DEBUG 48328 --- [Job Portal Management System] [io-8080-exec-10] org.hibernate.SQL                        : select j1_0.id,j1_0.active,j1_0.approval_status,j1_0.category,j1_0.description,j1_0.employer_id,j1_0.experience,j1_0.location,j1_0.posted_at,j1_0.salary,j1_0.skills_required,j1_0.title from job j1_0 where j1_0.approval_status=? order by j1_0.posted_at desc
2026-05-05T22:08:16.304+05:30 DEBUG 48328 --- [Job Portal Management System] [io-8080-exec-10] org.hibernate.SQL                        : select ja1_0.id,ja1_0.applied_at,ja1_0.cover_note,ja1_0.job_id,ja1_0.resume_path,ja1_0.status,ja1_0.student_id from job_application ja1_0
2026-05-05T22:08:16.306+05:30 DEBUG 48328 --- [Job Portal Management System] [io-8080-exec-10] o.s.w.s.v.ContentNegotiatingViewResolver : Selected 'text/html' given [text/html, application/xhtml+xml, image/avif, image/webp, image/apng, application/xml;q=0.9, */*;q=0.8, application/signed-exchange;v=b3;q=0.7]
2026-05-05T22:08:16.309+05:30 DEBUG 48328 --- [Job Portal Management System] [io-8080-exec-10] o.s.web.servlet.DispatcherServlet        : Completed 200 OK
2026-05-05T22:08:16.325+05:30 DEBUG 48328 --- [Job Portal Management System] [nio-8080-exec-1] o.s.web.servlet.DispatcherServlet        : GET "/css/styles.css", parameters={}
2026-05-05T22:08:16.325+05:30 DEBUG 48328 --- [Job Portal Management System] [nio-8080-exec-3] o.s.web.servlet.DispatcherServlet        : GET "/js/app.js", parameters={}
2026-05-05T22:08:16.326+05:30 DEBUG 48328 --- [Job Portal Management System] [nio-8080-exec-1] o.s.w.s.handler.SimpleUrlHandlerMapping  : Mapped to ResourceHttpRequestHandler [classpath [META-INF/resources/], classpath [resources/], classpath [static/], classpath [public/], ServletContext [/]]
2026-05-05T22:08:16.326+05:30 DEBUG 48328 --- [Job Portal Management System] [nio-8080-exec-3] o.s.w.s.handler.SimpleUrlHandlerMapping  : Mapped to ResourceHttpRequestHandler [classpath [META-INF/resources/], classpath [resources/], classpath [static/], classpath [public/], ServletContext [/]]
2026-05-05T22:08:16.329+05:30 DEBUG 48328 --- [Job Portal Management System] [nio-8080-exec-3] o.s.web.servlet.DispatcherServlet        : Completed 200 OK
2026-05-05T22:08:16.329+05:30 DEBUG 48328 --- [Job Portal Management System] [nio-8080-exec-1] o.s.web.servlet.DispatcherServlet        : Completed 200 OK
2026-05-05T22:08:22.646+05:30 DEBUG 48328 --- [Job Portal Management System] [nio-8080-exec-2] o.s.web.servlet.DispatcherServlet        : POST "/admin/jobs/2/approval", parameters={masked}
2026-05-05T22:08:22.651+05:30 DEBUG 48328 --- [Job Portal Management System] [nio-8080-exec-2] s.w.s.m.m.a.RequestMappingHandlerMapping : Mapped to com.arjun.jobportal.controller.MainController#updateJobApproval(Long, JobApprovalStatus, Authentication)
2026-05-05T22:08:22.655+05:30 DEBUG 48328 --- [Job Portal Management System] [nio-8080-exec-2] org.hibernate.SQL                        : select au1_0.id,au1_0.company_name,au1_0.email,au1_0.experience,au1_0.full_name,au1_0.location,au1_0.password,au1_0.phone,au1_0.resume_path,au1_0.role,au1_0.skills,au1_0.username from app_users au1_0 where au1_0.email=? or au1_0.username=?
2026-05-05T22:08:22.661+05:30 DEBUG 48328 --- [Job Portal Management System] [nio-8080-exec-2] org.hibernate.SQL                        : select au1_0.id,au1_0.company_name,au1_0.email,au1_0.experience,au1_0.full_name,au1_0.location,au1_0.password,au1_0.phone,au1_0.resume_path,au1_0.role,au1_0.skills,au1_0.username from app_users au1_0 where au1_0.email=? or au1_0.username=?
2026-05-05T22:08:22.662+05:30 DEBUG 48328 --- [Job Portal Management System] [nio-8080-exec-2] org.hibernate.SQL                        : select j1_0.id,j1_0.active,j1_0.approval_status,j1_0.category,j1_0.description,j1_0.employer_id,j1_0.experience,j1_0.location,j1_0.posted_at,j1_0.salary,j1_0.skills_required,j1_0.title from job j1_0 where j1_0.id=?
2026-05-05T22:08:22.670+05:30 DEBUG 48328 --- [Job Portal Management System] [nio-8080-exec-2] org.hibernate.SQL                        : update job set active=?,approval_status=?,category=?,description=?,employer_id=?,experience=?,location=?,posted_at=?,salary=?,skills_required=?,title=? where id=?
2026-05-05T22:08:22.678+05:30 DEBUG 48328 --- [Job Portal Management System] [nio-8080-exec-2] o.s.web.servlet.view.RedirectView        : View name [redirect:], model {}
2026-05-05T22:08:22.678+05:30 DEBUG 48328 --- [Job Portal Management System] [nio-8080-exec-2] o.s.web.servlet.DispatcherServlet        : Completed 302 FOUND
2026-05-05T22:08:22.682+05:30 DEBUG 48328 --- [Job Portal Management System] [nio-8080-exec-4] o.s.web.servlet.DispatcherServlet        : GET "/admin/dashboard?approvalUpdated", parameters={masked}
2026-05-05T22:08:22.683+05:30 DEBUG 48328 --- [Job Portal Management System] [nio-8080-exec-4] s.w.s.m.m.a.RequestMappingHandlerMapping : Mapped to com.arjun.jobportal.controller.MainController#adminDashboard(Model, Authentication)
2026-05-05T22:08:22.684+05:30 DEBUG 48328 --- [Job Portal Management System] [nio-8080-exec-4] org.hibernate.SQL                        : select au1_0.id,au1_0.company_name,au1_0.email,au1_0.experience,au1_0.full_name,au1_0.location,au1_0.password,au1_0.phone,au1_0.resume_path,au1_0.role,au1_0.skills,au1_0.username from app_users au1_0 where au1_0.email=? or au1_0.username=?
2026-05-05T22:08:22.686+05:30 DEBUG 48328 --- [Job Portal Management System] [nio-8080-exec-4] org.hibernate.SQL                        : select au1_0.id,au1_0.company_name,au1_0.email,au1_0.experience,au1_0.full_name,au1_0.location,au1_0.password,au1_0.phone,au1_0.resume_path,au1_0.role,au1_0.skills,au1_0.username from app_users au1_0 where au1_0.email=? or au1_0.username=?
2026-05-05T22:08:22.689+05:30 DEBUG 48328 --- [Job Portal Management System] [nio-8080-exec-4] org.hibernate.SQL                        : select au1_0.id,au1_0.company_name,au1_0.email,au1_0.experience,au1_0.full_name,au1_0.location,au1_0.password,au1_0.phone,au1_0.resume_path,au1_0.role,au1_0.skills,au1_0.username from app_users au1_0
2026-05-05T22:08:22.693+05:30 DEBUG 48328 --- [Job Portal Management System] [nio-8080-exec-4] org.hibernate.SQL                        : select j1_0.id,j1_0.active,j1_0.approval_status,j1_0.category,j1_0.description,j1_0.employer_id,j1_0.experience,j1_0.location,j1_0.posted_at,j1_0.salary,j1_0.skills_required,j1_0.title from job j1_0
2026-05-05T22:08:22.695+05:30 DEBUG 48328 --- [Job Portal Management System] [nio-8080-exec-4] org.hibernate.SQL                        : select j1_0.id,j1_0.active,j1_0.approval_status,j1_0.category,j1_0.description,j1_0.employer_id,j1_0.experience,j1_0.location,j1_0.posted_at,j1_0.salary,j1_0.skills_required,j1_0.title from job j1_0 where j1_0.approval_status=? order by j1_0.posted_at desc
2026-05-05T22:08:22.698+05:30 DEBUG 48328 --- [Job Portal Management System] [nio-8080-exec-4] org.hibernate.SQL                        : select ja1_0.id,ja1_0.applied_at,ja1_0.cover_note,ja1_0.job_id,ja1_0.resume_path,ja1_0.status,ja1_0.student_id from job_application ja1_0
2026-05-05T22:08:22.700+05:30 DEBUG 48328 --- [Job Portal Management System] [nio-8080-exec-4] o.s.w.s.v.ContentNegotiatingViewResolver : Selected 'text/html' given [text/html, application/xhtml+xml, image/avif, image/webp, image/apng, application/xml;q=0.9, */*;q=0.8, application/signed-exchange;v=b3;q=0.7]
2026-05-05T22:08:22.703+05:30 DEBUG 48328 --- [Job Portal Management System] [nio-8080-exec-4] o.s.web.servlet.DispatcherServlet        : Completed 200 OK
2026-05-05T22:08:22.722+05:30 DEBUG 48328 --- [Job Portal Management System] [nio-8080-exec-9] o.s.web.servlet.DispatcherServlet        : GET "/js/app.js", parameters={}
2026-05-05T22:08:22.722+05:30 DEBUG 48328 --- [Job Portal Management System] [nio-8080-exec-6] o.s.web.servlet.DispatcherServlet        : GET "/css/styles.css", parameters={}
2026-05-05T22:08:22.723+05:30 DEBUG 48328 --- [Job Portal Management System] [nio-8080-exec-9] o.s.w.s.handler.SimpleUrlHandlerMapping  : Mapped to ResourceHttpRequestHandler [classpath [META-INF/resources/], classpath [resources/], classpath [static/], classpath [public/], ServletContext [/]]
2026-05-05T22:08:22.723+05:30 DEBUG 48328 --- [Job Portal Management System] [nio-8080-exec-6] o.s.w.s.handler.SimpleUrlHandlerMapping  : Mapped to ResourceHttpRequestHandler [classpath [META-INF/resources/], classpath [resources/], classpath [static/], classpath [public/], ServletContext [/]]
2026-05-05T22:08:22.726+05:30 DEBUG 48328 --- [Job Portal Management System] [nio-8080-exec-6] o.s.web.servlet.DispatcherServlet        : Completed 200 OK
2026-05-05T22:08:22.726+05:30 DEBUG 48328 --- [Job Portal Management System] [nio-8080-exec-9] o.s.web.servlet.DispatcherServlet        : Completed 200 OK
2026-05-05T22:08:29.639+05:30 DEBUG 48328 --- [Job Portal Management System] [nio-8080-exec-5] o.s.web.servlet.DispatcherServlet        : GET "/", parameters={}
2026-05-05T22:08:29.646+05:30 DEBUG 48328 --- [Job Portal Management System] [nio-8080-exec-5] s.w.s.m.m.a.RequestMappingHandlerMapping : Mapped to com.arjun.jobportal.controller.MainController#home(Model)
2026-05-05T22:08:29.650+05:30 DEBUG 48328 --- [Job Portal Management System] [nio-8080-exec-5] org.hibernate.SQL                        : select j1_0.id,j1_0.active,j1_0.approval_status,j1_0.category,j1_0.description,j1_0.employer_id,j1_0.experience,j1_0.location,j1_0.posted_at,j1_0.salary,j1_0.skills_required,j1_0.title from job j1_0 where j1_0.active and j1_0.approval_status=? order by j1_0.posted_at desc
2026-05-05T22:08:29.654+05:30 DEBUG 48328 --- [Job Portal Management System] [nio-8080-exec-5] org.hibernate.SQL                        : select au1_0.id,au1_0.company_name,au1_0.email,au1_0.experience,au1_0.full_name,au1_0.location,au1_0.password,au1_0.phone,au1_0.resume_path,au1_0.role,au1_0.skills,au1_0.username from app_users au1_0 where au1_0.role=?
2026-05-05T22:08:29.656+05:30 DEBUG 48328 --- [Job Portal Management System] [nio-8080-exec-5] org.hibernate.SQL                        : select au1_0.id,au1_0.company_name,au1_0.email,au1_0.experience,au1_0.full_name,au1_0.location,au1_0.password,au1_0.phone,au1_0.resume_path,au1_0.role,au1_0.skills,au1_0.username from app_users au1_0 where au1_0.role=?
2026-05-05T22:08:29.658+05:30 DEBUG 48328 --- [Job Portal Management System] [nio-8080-exec-5] o.s.w.s.v.ContentNegotiatingViewResolver : Selected 'text/html' given [text/html, application/xhtml+xml, image/avif, image/webp, image/apng, application/xml;q=0.9, */*;q=0.8, application/signed-exchange;v=b3;q=0.7]
2026-05-05T22:08:29.661+05:30 DEBUG 48328 --- [Job Portal Management System] [nio-8080-exec-5] o.s.web.servlet.DispatcherServlet        : Completed 200 OK
2026-05-05T22:08:29.673+05:30 DEBUG 48328 --- [Job Portal Management System] [nio-8080-exec-7] o.s.web.servlet.DispatcherServlet        : GET "/css/styles.css", parameters={}
2026-05-05T22:08:29.674+05:30 DEBUG 48328 --- [Job Portal Management System] [io-8080-exec-10] o.s.web.servlet.DispatcherServlet        : GET "/js/app.js", parameters={}
2026-05-05T22:08:29.674+05:30 DEBUG 48328 --- [Job Portal Management System] [nio-8080-exec-7] o.s.w.s.handler.SimpleUrlHandlerMapping  : Mapped to ResourceHttpRequestHandler [classpath [META-INF/resources/], classpath [resources/], classpath [static/], classpath [public/], ServletContext [/]]
2026-05-05T22:08:29.674+05:30 DEBUG 48328 --- [Job Portal Management System] [io-8080-exec-10] o.s.w.s.handler.SimpleUrlHandlerMapping  : Mapped to ResourceHttpRequestHandler [classpath [META-INF/resources/], classpath [resources/], classpath [static/], classpath [public/], ServletContext [/]]
2026-05-05T22:08:29.677+05:30 DEBUG 48328 --- [Job Portal Management System] [nio-8080-exec-7] o.s.web.servlet.DispatcherServlet        : Completed 200 OK
2026-05-05T22:08:29.677+05:30 DEBUG 48328 --- [Job Portal Management System] [io-8080-exec-10] o.s.web.servlet.DispatcherServlet        : Completed 200 OK
2026-05-05T22:08:33.403+05:30 DEBUG 48328 --- [Job Portal Management System] [nio-8080-exec-3] o.s.web.servlet.DispatcherServlet        : GET "/login", parameters={}
2026-05-05T22:08:33.407+05:30 DEBUG 48328 --- [Job Portal Management System] [nio-8080-exec-3] s.w.s.m.m.a.RequestMappingHandlerMapping : Mapped to com.arjun.jobportal.controller.MainController#login(Model)
2026-05-05T22:08:33.408+05:30 DEBUG 48328 --- [Job Portal Management System] [nio-8080-exec-3] o.s.w.s.v.ContentNegotiatingViewResolver : Selected 'text/html' given [text/html, application/xhtml+xml, image/avif, image/webp, image/apng, application/xml;q=0.9, */*;q=0.8, application/signed-exchange;v=b3;q=0.7]
2026-05-05T22:08:33.413+05:30 DEBUG 48328 --- [Job Portal Management System] [nio-8080-exec-3] o.s.web.servlet.DispatcherServlet        : Completed 200 OK
2026-05-05T22:08:33.428+05:30 DEBUG 48328 --- [Job Portal Management System] [nio-8080-exec-1] o.s.web.servlet.DispatcherServlet        : GET "/css/styles.css", parameters={}
2026-05-05T22:08:33.429+05:30 DEBUG 48328 --- [Job Portal Management System] [nio-8080-exec-1] o.s.w.s.handler.SimpleUrlHandlerMapping  : Mapped to ResourceHttpRequestHandler [classpath [META-INF/resources/], classpath [resources/], classpath [static/], classpath [public/], ServletContext [/]]
2026-05-05T22:08:33.430+05:30 DEBUG 48328 --- [Job Portal Management System] [nio-8080-exec-2] o.s.web.servlet.DispatcherServlet        : GET "/js/app.js?v=1777999113412", parameters={masked}
2026-05-05T22:08:33.431+05:30 DEBUG 48328 --- [Job Portal Management System] [nio-8080-exec-2] o.s.w.s.handler.SimpleUrlHandlerMapping  : Mapped to ResourceHttpRequestHandler [classpath [META-INF/resources/], classpath [resources/], classpath [static/], classpath [public/], ServletContext [/]]
2026-05-05T22:08:33.432+05:30 DEBUG 48328 --- [Job Portal Management System] [nio-8080-exec-1] o.s.web.servlet.DispatcherServlet        : Completed 200 OK
2026-05-05T22:08:33.434+05:30 DEBUG 48328 --- [Job Portal Management System] [nio-8080-exec-2] o.s.web.servlet.DispatcherServlet        : Completed 200 OK
2026-05-05T22:08:41.357+05:30 DEBUG 48328 --- [Job Portal Management System] [nio-8080-exec-4] org.hibernate.SQL                        : select au1_0.id,au1_0.company_name,au1_0.email,au1_0.experience,au1_0.full_name,au1_0.location,au1_0.password,au1_0.phone,au1_0.resume_path,au1_0.role,au1_0.skills,au1_0.username from app_users au1_0 where au1_0.email=? or au1_0.username=?
2026-05-05T22:08:41.514+05:30 DEBUG 48328 --- [Job Portal Management System] [nio-8080-exec-6] o.s.web.servlet.DispatcherServlet        : GET "/dashboard", parameters={}
2026-05-05T22:08:41.517+05:30 DEBUG 48328 --- [Job Portal Management System] [nio-8080-exec-6] s.w.s.m.m.a.RequestMappingHandlerMapping : Mapped to com.arjun.jobportal.controller.MainController#dashboard(Authentication)
2026-05-05T22:08:41.519+05:30 DEBUG 48328 --- [Job Portal Management System] [nio-8080-exec-6] org.hibernate.SQL                        : select au1_0.id,au1_0.company_name,au1_0.email,au1_0.experience,au1_0.full_name,au1_0.location,au1_0.password,au1_0.phone,au1_0.resume_path,au1_0.role,au1_0.skills,au1_0.username from app_users au1_0 where au1_0.email=? or au1_0.username=?
2026-05-05T22:08:41.522+05:30 DEBUG 48328 --- [Job Portal Management System] [nio-8080-exec-6] org.hibernate.SQL                        : select au1_0.id,au1_0.company_name,au1_0.email,au1_0.experience,au1_0.full_name,au1_0.location,au1_0.password,au1_0.phone,au1_0.resume_path,au1_0.role,au1_0.skills,au1_0.username from app_users au1_0 where au1_0.email=? or au1_0.username=?
2026-05-05T22:08:41.523+05:30 DEBUG 48328 --- [Job Portal Management System] [nio-8080-exec-6] o.s.web.servlet.view.RedirectView        : View name [redirect:], model {}
2026-05-05T22:08:41.524+05:30 DEBUG 48328 --- [Job Portal Management System] [nio-8080-exec-6] o.s.web.servlet.DispatcherServlet        : Completed 302 FOUND
2026-05-05T22:08:41.528+05:30 DEBUG 48328 --- [Job Portal Management System] [nio-8080-exec-9] o.s.web.servlet.DispatcherServlet        : GET "/employer/dashboard", parameters={}
2026-05-05T22:08:41.529+05:30 DEBUG 48328 --- [Job Portal Management System] [nio-8080-exec-9] s.w.s.m.m.a.RequestMappingHandlerMapping : Mapped to com.arjun.jobportal.controller.MainController#employerDashboard(Model, Authentication)
2026-05-05T22:08:41.532+05:30 DEBUG 48328 --- [Job Portal Management System] [nio-8080-exec-9] org.hibernate.SQL                        : select au1_0.id,au1_0.company_name,au1_0.email,au1_0.experience,au1_0.full_name,au1_0.location,au1_0.password,au1_0.phone,au1_0.resume_path,au1_0.role,au1_0.skills,au1_0.username from app_users au1_0 where au1_0.email=? or au1_0.username=?
2026-05-05T22:08:41.535+05:30 DEBUG 48328 --- [Job Portal Management System] [nio-8080-exec-9] org.hibernate.SQL                        : select au1_0.id,au1_0.company_name,au1_0.email,au1_0.experience,au1_0.full_name,au1_0.location,au1_0.password,au1_0.phone,au1_0.resume_path,au1_0.role,au1_0.skills,au1_0.username from app_users au1_0 where au1_0.email=? or au1_0.username=?
2026-05-05T22:08:41.537+05:30 DEBUG 48328 --- [Job Portal Management System] [nio-8080-exec-9] org.hibernate.SQL                        : select j1_0.id,j1_0.active,j1_0.approval_status,j1_0.category,j1_0.description,j1_0.employer_id,j1_0.experience,j1_0.location,j1_0.posted_at,j1_0.salary,j1_0.skills_required,j1_0.title from job j1_0 where j1_0.employer_id=? order by j1_0.posted_at desc
2026-05-05T22:08:41.540+05:30 DEBUG 48328 --- [Job Portal Management System] [nio-8080-exec-9] org.hibernate.SQL                        : select count(ja1_0.id) from job_application ja1_0 left join job j1_0 on j1_0.id=ja1_0.job_id left join app_users e1_0 on e1_0.id=j1_0.employer_id where e1_0.id=?
2026-05-05T22:08:41.546+05:30 DEBUG 48328 --- [Job Portal Management System] [nio-8080-exec-9] o.s.w.s.v.ContentNegotiatingViewResolver : Selected 'text/html' given [text/html, application/xhtml+xml, image/avif, image/webp, image/apng, application/xml;q=0.9, */*;q=0.8, application/signed-exchange;v=b3;q=0.7]
2026-05-05T22:08:41.550+05:30 DEBUG 48328 --- [Job Portal Management System] [nio-8080-exec-9] o.s.web.servlet.DispatcherServlet        : Completed 200 OK
2026-05-05T22:08:41.566+05:30 DEBUG 48328 --- [Job Portal Management System] [nio-8080-exec-8] o.s.web.servlet.DispatcherServlet        : GET "/css/styles.css", parameters={}
2026-05-05T22:08:41.566+05:30 DEBUG 48328 --- [Job Portal Management System] [nio-8080-exec-5] o.s.web.servlet.DispatcherServlet        : GET "/js/app.js", parameters={}
2026-05-05T22:08:41.567+05:30 DEBUG 48328 --- [Job Portal Management System] [nio-8080-exec-8] o.s.w.s.handler.SimpleUrlHandlerMapping  : Mapped to ResourceHttpRequestHandler [classpath [META-INF/resources/], classpath [resources/], classpath [static/], classpath [public/], ServletContext [/]]
2026-05-05T22:08:41.567+05:30 DEBUG 48328 --- [Job Portal Management System] [nio-8080-exec-5] o.s.w.s.handler.SimpleUrlHandlerMapping  : Mapped to ResourceHttpRequestHandler [classpath [META-INF/resources/], classpath [resources/], classpath [static/], classpath [public/], ServletContext [/]]
2026-05-05T22:08:41.569+05:30 DEBUG 48328 --- [Job Portal Management System] [nio-8080-exec-8] o.s.web.servlet.DispatcherServlet        : Completed 200 OK
2026-05-05T22:08:41.570+05:30 DEBUG 48328 --- [Job Portal Management System] [nio-8080-exec-5] o.s.web.servlet.DispatcherServlet        : Completed 200 OK
2026-05-05T22:09:21.811+05:30 DEBUG 48328 --- [Job Portal Management System] [nio-8080-exec-1] o.s.web.servlet.DispatcherServlet        : GET "/", parameters={}
2026-05-05T22:09:21.817+05:30 DEBUG 48328 --- [Job Portal Management System] [nio-8080-exec-1] s.w.s.m.m.a.RequestMappingHandlerMapping : Mapped to com.arjun.jobportal.controller.MainController#home(Model)
2026-05-05T22:09:21.819+05:30 DEBUG 48328 --- [Job Portal Management System] [nio-8080-exec-1] org.hibernate.SQL                        : select j1_0.id,j1_0.active,j1_0.approval_status,j1_0.category,j1_0.description,j1_0.employer_id,j1_0.experience,j1_0.location,j1_0.posted_at,j1_0.salary,j1_0.skills_required,j1_0.title from job j1_0 where j1_0.active and j1_0.approval_status=? order by j1_0.posted_at desc
2026-05-05T22:09:21.822+05:30 DEBUG 48328 --- [Job Portal Management System] [nio-8080-exec-1] org.hibernate.SQL                        : select au1_0.id,au1_0.company_name,au1_0.email,au1_0.experience,au1_0.full_name,au1_0.location,au1_0.password,au1_0.phone,au1_0.resume_path,au1_0.role,au1_0.skills,au1_0.username from app_users au1_0 where au1_0.role=?
2026-05-05T22:09:21.824+05:30 DEBUG 48328 --- [Job Portal Management System] [nio-8080-exec-1] org.hibernate.SQL                        : select au1_0.id,au1_0.company_name,au1_0.email,au1_0.experience,au1_0.full_name,au1_0.location,au1_0.password,au1_0.phone,au1_0.resume_path,au1_0.role,au1_0.skills,au1_0.username from app_users au1_0 where au1_0.role=?
2026-05-05T22:09:21.826+05:30 DEBUG 48328 --- [Job Portal Management System] [nio-8080-exec-1] o.s.w.s.v.ContentNegotiatingViewResolver : Selected 'text/html' given [text/html, application/xhtml+xml, image/avif, image/webp, image/apng, application/xml;q=0.9, */*;q=0.8, application/signed-exchange;v=b3;q=0.7]
2026-05-05T22:09:21.828+05:30 DEBUG 48328 --- [Job Portal Management System] [nio-8080-exec-1] o.s.web.servlet.DispatcherServlet        : Completed 200 OK
2026-05-05T22:09:21.846+05:30 DEBUG 48328 --- [Job Portal Management System] [nio-8080-exec-2] o.s.web.servlet.DispatcherServlet        : GET "/css/styles.css", parameters={}
2026-05-05T22:09:21.846+05:30 DEBUG 48328 --- [Job Portal Management System] [nio-8080-exec-4] o.s.web.servlet.DispatcherServlet        : GET "/js/app.js", parameters={}
2026-05-05T22:09:21.847+05:30 DEBUG 48328 --- [Job Portal Management System] [nio-8080-exec-2] o.s.w.s.handler.SimpleUrlHandlerMapping  : Mapped to ResourceHttpRequestHandler [classpath [META-INF/resources/], classpath [resources/], classpath [static/], classpath [public/], ServletContext [/]]
2026-05-05T22:09:21.847+05:30 DEBUG 48328 --- [Job Portal Management System] [nio-8080-exec-4] o.s.w.s.handler.SimpleUrlHandlerMapping  : Mapped to ResourceHttpRequestHandler [classpath [META-INF/resources/], classpath [resources/], classpath [static/], classpath [public/], ServletContext [/]]
2026-05-05T22:09:21.851+05:30 DEBUG 48328 --- [Job Portal Management System] [nio-8080-exec-2] o.s.web.servlet.DispatcherServlet        : Completed 200 OK
2026-05-05T22:09:21.851+05:30 DEBUG 48328 --- [Job Portal Management System] [nio-8080-exec-4] o.s.web.servlet.DispatcherServlet        : Completed 200 OK
2026-05-05T22:09:24.671+05:30 DEBUG 48328 --- [Job Portal Management System] [nio-8080-exec-6] o.s.web.servlet.DispatcherServlet        : GET "/login", parameters={}
2026-05-05T22:09:24.678+05:30 DEBUG 48328 --- [Job Portal Management System] [nio-8080-exec-6] s.w.s.m.m.a.RequestMappingHandlerMapping : Mapped to com.arjun.jobportal.controller.MainController#login(Model)
2026-05-05T22:09:24.679+05:30 DEBUG 48328 --- [Job Portal Management System] [nio-8080-exec-6] o.s.w.s.v.ContentNegotiatingViewResolver : Selected 'text/html' given [text/html, application/xhtml+xml, image/avif, image/webp, image/apng, application/xml;q=0.9, */*;q=0.8, application/signed-exchange;v=b3;q=0.7]
2026-05-05T22:09:24.684+05:30 DEBUG 48328 --- [Job Portal Management System] [nio-8080-exec-6] o.s.web.servlet.DispatcherServlet        : Completed 200 OK
2026-05-05T22:09:24.696+05:30 DEBUG 48328 --- [Job Portal Management System] [nio-8080-exec-9] o.s.web.servlet.DispatcherServlet        : GET "/css/styles.css", parameters={}
2026-05-05T22:09:24.697+05:30 DEBUG 48328 --- [Job Portal Management System] [nio-8080-exec-9] o.s.w.s.handler.SimpleUrlHandlerMapping  : Mapped to ResourceHttpRequestHandler [classpath [META-INF/resources/], classpath [resources/], classpath [static/], classpath [public/], ServletContext [/]]
2026-05-05T22:09:24.698+05:30 DEBUG 48328 --- [Job Portal Management System] [nio-8080-exec-8] o.s.web.servlet.DispatcherServlet        : GET "/js/app.js?v=1777999164683", parameters={masked}
2026-05-05T22:09:24.698+05:30 DEBUG 48328 --- [Job Portal Management System] [nio-8080-exec-8] o.s.w.s.handler.SimpleUrlHandlerMapping  : Mapped to ResourceHttpRequestHandler [classpath [META-INF/resources/], classpath [resources/], classpath [static/], classpath [public/], ServletContext [/]]
2026-05-05T22:09:24.699+05:30 DEBUG 48328 --- [Job Portal Management System] [nio-8080-exec-9] o.s.web.servlet.DispatcherServlet        : Completed 200 OK
2026-05-05T22:09:24.701+05:30 DEBUG 48328 --- [Job Portal Management System] [nio-8080-exec-8] o.s.web.servlet.DispatcherServlet        : Completed 200 OK
2026-05-05T22:09:37.600+05:30 DEBUG 48328 --- [Job Portal Management System] [nio-8080-exec-5] org.hibernate.SQL                        : select au1_0.id,au1_0.company_name,au1_0.email,au1_0.experience,au1_0.full_name,au1_0.location,au1_0.password,au1_0.phone,au1_0.resume_path,au1_0.role,au1_0.skills,au1_0.username from app_users au1_0 where au1_0.email=? or au1_0.username=?
2026-05-05T22:09:37.743+05:30 DEBUG 48328 --- [Job Portal Management System] [io-8080-exec-10] o.s.web.servlet.DispatcherServlet        : GET "/dashboard", parameters={}
2026-05-05T22:09:37.746+05:30 DEBUG 48328 --- [Job Portal Management System] [io-8080-exec-10] s.w.s.m.m.a.RequestMappingHandlerMapping : Mapped to com.arjun.jobportal.controller.MainController#dashboard(Authentication)
2026-05-05T22:09:37.750+05:30 DEBUG 48328 --- [Job Portal Management System] [io-8080-exec-10] org.hibernate.SQL                        : select au1_0.id,au1_0.company_name,au1_0.email,au1_0.experience,au1_0.full_name,au1_0.location,au1_0.password,au1_0.phone,au1_0.resume_path,au1_0.role,au1_0.skills,au1_0.username from app_users au1_0 where au1_0.email=? or au1_0.username=?
2026-05-05T22:09:37.752+05:30 DEBUG 48328 --- [Job Portal Management System] [io-8080-exec-10] org.hibernate.SQL                        : select au1_0.id,au1_0.company_name,au1_0.email,au1_0.experience,au1_0.full_name,au1_0.location,au1_0.password,au1_0.phone,au1_0.resume_path,au1_0.role,au1_0.skills,au1_0.username from app_users au1_0 where au1_0.email=? or au1_0.username=?
2026-05-05T22:09:37.754+05:30 DEBUG 48328 --- [Job Portal Management System] [io-8080-exec-10] o.s.web.servlet.view.RedirectView        : View name [redirect:], model {}
2026-05-05T22:09:37.754+05:30 DEBUG 48328 --- [Job Portal Management System] [io-8080-exec-10] o.s.web.servlet.DispatcherServlet        : Completed 302 FOUND
2026-05-05T22:09:37.757+05:30 DEBUG 48328 --- [Job Portal Management System] [nio-8080-exec-7] o.s.web.servlet.DispatcherServlet        : GET "/student/dashboard", parameters={}
2026-05-05T22:09:37.758+05:30 DEBUG 48328 --- [Job Portal Management System] [nio-8080-exec-7] s.w.s.m.m.a.RequestMappingHandlerMapping : Mapped to com.arjun.jobportal.controller.MainController#studentDashboard(Model, Authentication)
2026-05-05T22:09:37.759+05:30 DEBUG 48328 --- [Job Portal Management System] [nio-8080-exec-7] org.hibernate.SQL                        : select au1_0.id,au1_0.company_name,au1_0.email,au1_0.experience,au1_0.full_name,au1_0.location,au1_0.password,au1_0.phone,au1_0.resume_path,au1_0.role,au1_0.skills,au1_0.username from app_users au1_0 where au1_0.email=? or au1_0.username=?
2026-05-05T22:09:37.762+05:30 DEBUG 48328 --- [Job Portal Management System] [nio-8080-exec-7] org.hibernate.SQL                        : select au1_0.id,au1_0.company_name,au1_0.email,au1_0.experience,au1_0.full_name,au1_0.location,au1_0.password,au1_0.phone,au1_0.resume_path,au1_0.role,au1_0.skills,au1_0.username from app_users au1_0 where au1_0.email=? or au1_0.username=?
2026-05-05T22:09:37.764+05:30 DEBUG 48328 --- [Job Portal Management System] [nio-8080-exec-7] org.hibernate.SQL                        : select ja1_0.id,ja1_0.applied_at,ja1_0.cover_note,ja1_0.job_id,ja1_0.resume_path,ja1_0.status,ja1_0.student_id from job_application ja1_0 where ja1_0.student_id=? order by ja1_0.applied_at desc
2026-05-05T22:09:37.766+05:30 DEBUG 48328 --- [Job Portal Management System] [nio-8080-exec-7] org.hibernate.SQL                        : select j1_0.id,j1_0.active,j1_0.approval_status,j1_0.category,j1_0.description,j1_0.employer_id,j1_0.experience,j1_0.location,j1_0.posted_at,j1_0.salary,j1_0.skills_required,j1_0.title from job j1_0 where j1_0.active and j1_0.approval_status=? order by j1_0.posted_at desc
2026-05-05T22:09:37.768+05:30 DEBUG 48328 --- [Job Portal Management System] [nio-8080-exec-7] o.s.w.s.v.ContentNegotiatingViewResolver : Selected 'text/html' given [text/html, application/xhtml+xml, image/avif, image/webp, image/apng, application/xml;q=0.9, */*;q=0.8, application/signed-exchange;v=b3;q=0.7]
2026-05-05T22:09:37.771+05:30 DEBUG 48328 --- [Job Portal Management System] [nio-8080-exec-7] org.hibernate.SQL                        : select au1_0.id,au1_0.company_name,au1_0.email,au1_0.experience,au1_0.full_name,au1_0.location,au1_0.password,au1_0.phone,au1_0.resume_path,au1_0.role,au1_0.skills,au1_0.username from app_users au1_0 where au1_0.id=?
2026-05-05T22:09:37.773+05:30 DEBUG 48328 --- [Job Portal Management System] [nio-8080-exec-7] o.s.web.servlet.DispatcherServlet        : Completed 200 OK
2026-05-05T22:09:37.790+05:30 DEBUG 48328 --- [Job Portal Management System] [nio-8080-exec-1] o.s.web.servlet.DispatcherServlet        : GET "/js/app.js", parameters={}
2026-05-05T22:09:37.790+05:30 DEBUG 48328 --- [Job Portal Management System] [nio-8080-exec-3] o.s.web.servlet.DispatcherServlet        : GET "/css/styles.css", parameters={}
2026-05-05T22:09:37.791+05:30 DEBUG 48328 --- [Job Portal Management System] [nio-8080-exec-1] o.s.w.s.handler.SimpleUrlHandlerMapping  : Mapped to ResourceHttpRequestHandler [classpath [META-INF/resources/], classpath [resources/], classpath [static/], classpath [public/], ServletContext [/]]
2026-05-05T22:09:37.791+05:30 DEBUG 48328 --- [Job Portal Management System] [nio-8080-exec-3] o.s.w.s.handler.SimpleUrlHandlerMapping  : Mapped to ResourceHttpRequestHandler [classpath [META-INF/resources/], classpath [resources/], classpath [static/], classpath [public/], ServletContext [/]]
2026-05-05T22:09:37.795+05:30 DEBUG 48328 --- [Job Portal Management System] [nio-8080-exec-1] o.s.web.servlet.DispatcherServlet        : Completed 200 OK
2026-05-05T22:09:37.797+05:30 DEBUG 48328 --- [Job Portal Management System] [nio-8080-exec-3] o.s.web.servlet.DispatcherServlet        : Completed 200 OK
2026-05-05T22:09:43.412+05:30 DEBUG 48328 --- [Job Portal Management System] [nio-8080-exec-2] o.s.web.servlet.DispatcherServlet        : GET "/jobs", parameters={}
2026-05-05T22:09:43.418+05:30 DEBUG 48328 --- [Job Portal Management System] [nio-8080-exec-2] s.w.s.m.m.a.RequestMappingHandlerMapping : Mapped to com.arjun.jobportal.controller.MainController#jobList(String, String, String, String, Model)
2026-05-05T22:09:43.420+05:30 DEBUG 48328 --- [Job Portal Management System] [nio-8080-exec-2] org.hibernate.SQL                        : select au1_0.id,au1_0.company_name,au1_0.email,au1_0.experience,au1_0.full_name,au1_0.location,au1_0.password,au1_0.phone,au1_0.resume_path,au1_0.role,au1_0.skills,au1_0.username from app_users au1_0 where au1_0.email=? or au1_0.username=?
2026-05-05T22:09:43.425+05:30 DEBUG 48328 --- [Job Portal Management System] [nio-8080-exec-2] org.hibernate.SQL                        : select j1_0.id,j1_0.active,j1_0.approval_status,j1_0.category,j1_0.description,j1_0.employer_id,j1_0.experience,j1_0.location,j1_0.posted_at,j1_0.salary,j1_0.skills_required,j1_0.title from job j1_0 join app_users e1_0 on e1_0.id=j1_0.employer_id where j1_0.active=1 and j1_0.approval_status='APPROVED' and lower(j1_0.category) like replace(lower(concat('%',?,'%')),'\\','\\\\') and lower(j1_0.location) like replace(lower(concat('%',?,'%')),'\\','\\\\') and lower(coalesce(j1_0.experience,'')) like replace(lower(concat('%',?,'%')),'\\','\\\\') and lower(coalesce(e1_0.company_name,e1_0.full_name,'')) like replace(lower(concat('%',?,'%')),'\\','\\\\') order by j1_0.posted_at desc
2026-05-05T22:09:43.432+05:30 DEBUG 48328 --- [Job Portal Management System] [nio-8080-exec-2] o.s.w.s.v.ContentNegotiatingViewResolver : Selected 'text/html' given [text/html, application/xhtml+xml, image/avif, image/webp, image/apng, application/xml;q=0.9, */*;q=0.8, application/signed-exchange;v=b3;q=0.7]
2026-05-05T22:09:43.435+05:30 DEBUG 48328 --- [Job Portal Management System] [nio-8080-exec-2] org.hibernate.SQL                        : select au1_0.id,au1_0.company_name,au1_0.email,au1_0.experience,au1_0.full_name,au1_0.location,au1_0.password,au1_0.phone,au1_0.resume_path,au1_0.role,au1_0.skills,au1_0.username from app_users au1_0 where au1_0.id=?
2026-05-05T22:09:43.437+05:30 DEBUG 48328 --- [Job Portal Management System] [nio-8080-exec-2] o.s.web.servlet.DispatcherServlet        : Completed 200 OK
2026-05-05T22:09:43.453+05:30 DEBUG 48328 --- [Job Portal Management System] [nio-8080-exec-6] o.s.web.servlet.DispatcherServlet        : GET "/js/app.js", parameters={}
2026-05-05T22:09:43.453+05:30 DEBUG 48328 --- [Job Portal Management System] [nio-8080-exec-4] o.s.web.servlet.DispatcherServlet        : GET "/css/styles.css", parameters={}
2026-05-05T22:09:43.454+05:30 DEBUG 48328 --- [Job Portal Management System] [nio-8080-exec-6] o.s.w.s.handler.SimpleUrlHandlerMapping  : Mapped to ResourceHttpRequestHandler [classpath [META-INF/resources/], classpath [resources/], classpath [static/], classpath [public/], ServletContext [/]]
2026-05-05T22:09:43.454+05:30 DEBUG 48328 --- [Job Portal Management System] [nio-8080-exec-4] o.s.w.s.handler.SimpleUrlHandlerMapping  : Mapped to ResourceHttpRequestHandler [classpath [META-INF/resources/], classpath [resources/], classpath [static/], classpath [public/], ServletContext [/]]
2026-05-05T22:09:43.457+05:30 DEBUG 48328 --- [Job Portal Management System] [nio-8080-exec-6] o.s.web.servlet.DispatcherServlet        : Completed 200 OK
2026-05-05T22:09:43.457+05:30 DEBUG 48328 --- [Job Portal Management System] [nio-8080-exec-4] o.s.web.servlet.DispatcherServlet        : Completed 200 OK
2026-05-05T22:11:26.638+05:30 DEBUG 48328 --- [Job Portal Management System] [io-8080-exec-10] o.s.web.servlet.DispatcherServlet        : GET "/", parameters={}
2026-05-05T22:11:26.645+05:30 DEBUG 48328 --- [Job Portal Management System] [io-8080-exec-10] s.w.s.m.m.a.RequestMappingHandlerMapping : Mapped to com.arjun.jobportal.controller.MainController#home(Model)
2026-05-05T22:11:26.649+05:30 DEBUG 48328 --- [Job Portal Management System] [io-8080-exec-10] org.hibernate.SQL                        : select j1_0.id,j1_0.active,j1_0.approval_status,j1_0.category,j1_0.description,j1_0.employer_id,j1_0.experience,j1_0.location,j1_0.posted_at,j1_0.salary,j1_0.skills_required,j1_0.title from job j1_0 where j1_0.active and j1_0.approval_status=? order by j1_0.posted_at desc
2026-05-05T22:11:26.652+05:30 DEBUG 48328 --- [Job Portal Management System] [io-8080-exec-10] org.hibernate.SQL                        : select au1_0.id,au1_0.company_name,au1_0.email,au1_0.experience,au1_0.full_name,au1_0.location,au1_0.password,au1_0.phone,au1_0.resume_path,au1_0.role,au1_0.skills,au1_0.username from app_users au1_0 where au1_0.role=?
2026-05-05T22:11:26.656+05:30 DEBUG 48328 --- [Job Portal Management System] [io-8080-exec-10] org.hibernate.SQL                        : select au1_0.id,au1_0.company_name,au1_0.email,au1_0.experience,au1_0.full_name,au1_0.location,au1_0.password,au1_0.phone,au1_0.resume_path,au1_0.role,au1_0.skills,au1_0.username from app_users au1_0 where au1_0.role=?
2026-05-05T22:11:26.657+05:30 DEBUG 48328 --- [Job Portal Management System] [io-8080-exec-10] o.s.w.s.v.ContentNegotiatingViewResolver : Selected 'text/html' given [text/html, application/xhtml+xml, image/avif, image/webp, image/apng, application/xml;q=0.9, */*;q=0.8, application/signed-exchange;v=b3;q=0.7]
2026-05-05T22:11:26.660+05:30 DEBUG 48328 --- [Job Portal Management System] [io-8080-exec-10] o.s.web.servlet.DispatcherServlet        : Completed 200 OK
2026-05-05T22:11:26.677+05:30 DEBUG 48328 --- [Job Portal Management System] [nio-8080-exec-7] o.s.web.servlet.DispatcherServlet        : GET "/css/styles.css", parameters={}
2026-05-05T22:11:26.677+05:30 DEBUG 48328 --- [Job Portal Management System] [nio-8080-exec-1] o.s.web.servlet.DispatcherServlet        : GET "/js/app.js", parameters={}
2026-05-05T22:11:26.677+05:30 DEBUG 48328 --- [Job Portal Management System] [nio-8080-exec-7] o.s.w.s.handler.SimpleUrlHandlerMapping  : Mapped to ResourceHttpRequestHandler [classpath [META-INF/resources/], classpath [resources/], classpath [static/], classpath [public/], ServletContext [/]]
2026-05-05T22:11:26.678+05:30 DEBUG 48328 --- [Job Portal Management System] [nio-8080-exec-1] o.s.w.s.handler.SimpleUrlHandlerMapping  : Mapped to ResourceHttpRequestHandler [classpath [META-INF/resources/], classpath [resources/], classpath [static/], classpath [public/], ServletContext [/]]
2026-05-05T22:11:26.680+05:30 DEBUG 48328 --- [Job Portal Management System] [nio-8080-exec-7] o.s.web.servlet.DispatcherServlet        : Completed 200 OK
2026-05-05T22:11:26.680+05:30 DEBUG 48328 --- [Job Portal Management System] [nio-8080-exec-1] o.s.web.servlet.DispatcherServlet        : Completed 200 OK
2026-05-05T22:11:28.416+05:30 DEBUG 48328 --- [Job Portal Management System] [nio-8080-exec-3] o.s.web.servlet.DispatcherServlet        : GET "/login", parameters={}
2026-05-05T22:11:28.419+05:30 DEBUG 48328 --- [Job Portal Management System] [nio-8080-exec-3] s.w.s.m.m.a.RequestMappingHandlerMapping : Mapped to com.arjun.jobportal.controller.MainController#login(Model)
2026-05-05T22:11:28.421+05:30 DEBUG 48328 --- [Job Portal Management System] [nio-8080-exec-3] o.s.w.s.v.ContentNegotiatingViewResolver : Selected 'text/html' given [text/html, application/xhtml+xml, image/avif, image/webp, image/apng, application/xml;q=0.9, */*;q=0.8, application/signed-exchange;v=b3;q=0.7]
2026-05-05T22:11:28.426+05:30 DEBUG 48328 --- [Job Portal Management System] [nio-8080-exec-3] o.s.web.servlet.DispatcherServlet        : Completed 200 OK
2026-05-05T22:11:28.445+05:30 DEBUG 48328 --- [Job Portal Management System] [nio-8080-exec-2] o.s.web.servlet.DispatcherServlet        : GET "/css/styles.css", parameters={}
2026-05-05T22:11:28.445+05:30 DEBUG 48328 --- [Job Portal Management System] [nio-8080-exec-6] o.s.web.servlet.DispatcherServlet        : GET "/js/app.js?v=1777999288426", parameters={masked}
2026-05-05T22:11:28.446+05:30 DEBUG 48328 --- [Job Portal Management System] [nio-8080-exec-2] o.s.w.s.handler.SimpleUrlHandlerMapping  : Mapped to ResourceHttpRequestHandler [classpath [META-INF/resources/], classpath [resources/], classpath [static/], classpath [public/], ServletContext [/]]
2026-05-05T22:11:28.446+05:30 DEBUG 48328 --- [Job Portal Management System] [nio-8080-exec-6] o.s.w.s.handler.SimpleUrlHandlerMapping  : Mapped to ResourceHttpRequestHandler [classpath [META-INF/resources/], classpath [resources/], classpath [static/], classpath [public/], ServletContext [/]]
2026-05-05T22:11:28.449+05:30 DEBUG 48328 --- [Job Portal Management System] [nio-8080-exec-6] o.s.web.servlet.DispatcherServlet        : Completed 200 OK
2026-05-05T22:11:28.449+05:30 DEBUG 48328 --- [Job Portal Management System] [nio-8080-exec-2] o.s.web.servlet.DispatcherServlet        : Completed 200 OK
2026-05-05T22:11:35.243+05:30 DEBUG 48328 --- [Job Portal Management System] [nio-8080-exec-4] org.hibernate.SQL                        : select au1_0.id,au1_0.company_name,au1_0.email,au1_0.experience,au1_0.full_name,au1_0.location,au1_0.password,au1_0.phone,au1_0.resume_path,au1_0.role,au1_0.skills,au1_0.username from app_users au1_0 where au1_0.email=? or au1_0.username=?
2026-05-05T22:11:35.435+05:30 DEBUG 48328 --- [Job Portal Management System] [nio-8080-exec-9] o.s.web.servlet.DispatcherServlet        : GET "/dashboard", parameters={}
2026-05-05T22:11:35.438+05:30 DEBUG 48328 --- [Job Portal Management System] [nio-8080-exec-9] s.w.s.m.m.a.RequestMappingHandlerMapping : Mapped to com.arjun.jobportal.controller.MainController#dashboard(Authentication)
2026-05-05T22:11:35.440+05:30 DEBUG 48328 --- [Job Portal Management System] [nio-8080-exec-9] org.hibernate.SQL                        : select au1_0.id,au1_0.company_name,au1_0.email,au1_0.experience,au1_0.full_name,au1_0.location,au1_0.password,au1_0.phone,au1_0.resume_path,au1_0.role,au1_0.skills,au1_0.username from app_users au1_0 where au1_0.email=? or au1_0.username=?
2026-05-05T22:11:35.443+05:30 DEBUG 48328 --- [Job Portal Management System] [nio-8080-exec-9] org.hibernate.SQL                        : select au1_0.id,au1_0.company_name,au1_0.email,au1_0.experience,au1_0.full_name,au1_0.location,au1_0.password,au1_0.phone,au1_0.resume_path,au1_0.role,au1_0.skills,au1_0.username from app_users au1_0 where au1_0.email=? or au1_0.username=?
2026-05-05T22:11:35.445+05:30 DEBUG 48328 --- [Job Portal Management System] [nio-8080-exec-9] o.s.web.servlet.view.RedirectView        : View name [redirect:], model {}
2026-05-05T22:11:35.445+05:30 DEBUG 48328 --- [Job Portal Management System] [nio-8080-exec-9] o.s.web.servlet.DispatcherServlet        : Completed 302 FOUND
2026-05-05T22:11:35.450+05:30 DEBUG 48328 --- [Job Portal Management System] [nio-8080-exec-8] o.s.web.servlet.DispatcherServlet        : GET "/employer/dashboard", parameters={}
2026-05-05T22:11:35.451+05:30 DEBUG 48328 --- [Job Portal Management System] [nio-8080-exec-8] s.w.s.m.m.a.RequestMappingHandlerMapping : Mapped to com.arjun.jobportal.controller.MainController#employerDashboard(Model, Authentication)
2026-05-05T22:11:35.453+05:30 DEBUG 48328 --- [Job Portal Management System] [nio-8080-exec-8] org.hibernate.SQL                        : select au1_0.id,au1_0.company_name,au1_0.email,au1_0.experience,au1_0.full_name,au1_0.location,au1_0.password,au1_0.phone,au1_0.resume_path,au1_0.role,au1_0.skills,au1_0.username from app_users au1_0 where au1_0.email=? or au1_0.username=?
2026-05-05T22:11:35.456+05:30 DEBUG 48328 --- [Job Portal Management System] [nio-8080-exec-8] org.hibernate.SQL                        : select au1_0.id,au1_0.company_name,au1_0.email,au1_0.experience,au1_0.full_name,au1_0.location,au1_0.password,au1_0.phone,au1_0.resume_path,au1_0.role,au1_0.skills,au1_0.username from app_users au1_0 where au1_0.email=? or au1_0.username=?
2026-05-05T22:11:35.458+05:30 DEBUG 48328 --- [Job Portal Management System] [nio-8080-exec-8] org.hibernate.SQL                        : select j1_0.id,j1_0.active,j1_0.approval_status,j1_0.category,j1_0.description,j1_0.employer_id,j1_0.experience,j1_0.location,j1_0.posted_at,j1_0.salary,j1_0.skills_required,j1_0.title from job j1_0 where j1_0.employer_id=? order by j1_0.posted_at desc
2026-05-05T22:11:35.460+05:30 DEBUG 48328 --- [Job Portal Management System] [nio-8080-exec-8] org.hibernate.SQL                        : select count(ja1_0.id) from job_application ja1_0 left join job j1_0 on j1_0.id=ja1_0.job_id left join app_users e1_0 on e1_0.id=j1_0.employer_id where e1_0.id=?
2026-05-05T22:11:35.462+05:30 DEBUG 48328 --- [Job Portal Management System] [nio-8080-exec-8] o.s.w.s.v.ContentNegotiatingViewResolver : Selected 'text/html' given [text/html, application/xhtml+xml, image/avif, image/webp, image/apng, application/xml;q=0.9, */*;q=0.8, application/signed-exchange;v=b3;q=0.7]
2026-05-05T22:11:35.465+05:30 DEBUG 48328 --- [Job Portal Management System] [nio-8080-exec-8] o.s.web.servlet.DispatcherServlet        : Completed 200 OK
2026-05-05T22:11:35.484+05:30 DEBUG 48328 --- [Job Portal Management System] [io-8080-exec-10] o.s.web.servlet.DispatcherServlet        : GET "/js/app.js", parameters={}
2026-05-05T22:11:35.484+05:30 DEBUG 48328 --- [Job Portal Management System] [nio-8080-exec-5] o.s.web.servlet.DispatcherServlet        : GET "/css/styles.css", parameters={}
2026-05-05T22:11:35.484+05:30 DEBUG 48328 --- [Job Portal Management System] [io-8080-exec-10] o.s.w.s.handler.SimpleUrlHandlerMapping  : Mapped to ResourceHttpRequestHandler [classpath [META-INF/resources/], classpath [resources/], classpath [static/], classpath [public/], ServletContext [/]]
2026-05-05T22:11:35.485+05:30 DEBUG 48328 --- [Job Portal Management System] [nio-8080-exec-5] o.s.w.s.handler.SimpleUrlHandlerMapping  : Mapped to ResourceHttpRequestHandler [classpath [META-INF/resources/], classpath [resources/], classpath [static/], classpath [public/], ServletContext [/]]
2026-05-05T22:11:35.487+05:30 DEBUG 48328 --- [Job Portal Management System] [nio-8080-exec-5] o.s.web.servlet.DispatcherServlet        : Completed 200 OK
2026-05-05T22:11:35.487+05:30 DEBUG 48328 --- [Job Portal Management System] [io-8080-exec-10] o.s.web.servlet.DispatcherServlet        : Completed 200 OK
2026-05-05T22:12:10.349+05:30 DEBUG 48328 --- [Job Portal Management System] [nio-8080-exec-6] o.s.web.servlet.DispatcherServlet        : GET "/", parameters={}
2026-05-05T22:12:10.356+05:30 DEBUG 48328 --- [Job Portal Management System] [nio-8080-exec-6] s.w.s.m.m.a.RequestMappingHandlerMapping : Mapped to com.arjun.jobportal.controller.MainController#home(Model)
2026-05-05T22:12:10.359+05:30 DEBUG 48328 --- [Job Portal Management System] [nio-8080-exec-6] org.hibernate.SQL                        : select j1_0.id,j1_0.active,j1_0.approval_status,j1_0.category,j1_0.description,j1_0.employer_id,j1_0.experience,j1_0.location,j1_0.posted_at,j1_0.salary,j1_0.skills_required,j1_0.title from job j1_0 where j1_0.active and j1_0.approval_status=? order by j1_0.posted_at desc
2026-05-05T22:12:10.365+05:30 DEBUG 48328 --- [Job Portal Management System] [nio-8080-exec-6] org.hibernate.SQL                        : select au1_0.id,au1_0.company_name,au1_0.email,au1_0.experience,au1_0.full_name,au1_0.location,au1_0.password,au1_0.phone,au1_0.resume_path,au1_0.role,au1_0.skills,au1_0.username from app_users au1_0 where au1_0.role=?
2026-05-05T22:12:10.368+05:30 DEBUG 48328 --- [Job Portal Management System] [nio-8080-exec-6] org.hibernate.SQL                        : select au1_0.id,au1_0.company_name,au1_0.email,au1_0.experience,au1_0.full_name,au1_0.location,au1_0.password,au1_0.phone,au1_0.resume_path,au1_0.role,au1_0.skills,au1_0.username from app_users au1_0 where au1_0.role=?
2026-05-05T22:12:10.369+05:30 DEBUG 48328 --- [Job Portal Management System] [nio-8080-exec-6] o.s.w.s.v.ContentNegotiatingViewResolver : Selected 'text/html' given [text/html, application/xhtml+xml, image/avif, image/webp, image/apng, application/xml;q=0.9, */*;q=0.8, application/signed-exchange;v=b3;q=0.7]
2026-05-05T22:12:10.372+05:30 DEBUG 48328 --- [Job Portal Management System] [nio-8080-exec-6] o.s.web.servlet.DispatcherServlet        : Completed 200 OK
2026-05-05T22:12:10.390+05:30 DEBUG 48328 --- [Job Portal Management System] [nio-8080-exec-4] o.s.web.servlet.DispatcherServlet        : GET "/js/app.js", parameters={}
2026-05-05T22:12:10.390+05:30 DEBUG 48328 --- [Job Portal Management System] [nio-8080-exec-2] o.s.web.servlet.DispatcherServlet        : GET "/css/styles.css", parameters={}
2026-05-05T22:12:10.391+05:30 DEBUG 48328 --- [Job Portal Management System] [nio-8080-exec-4] o.s.w.s.handler.SimpleUrlHandlerMapping  : Mapped to ResourceHttpRequestHandler [classpath [META-INF/resources/], classpath [resources/], classpath [static/], classpath [public/], ServletContext [/]]
2026-05-05T22:12:10.391+05:30 DEBUG 48328 --- [Job Portal Management System] [nio-8080-exec-2] o.s.w.s.handler.SimpleUrlHandlerMapping  : Mapped to ResourceHttpRequestHandler [classpath [META-INF/resources/], classpath [resources/], classpath [static/], classpath [public/], ServletContext [/]]
2026-05-05T22:12:10.393+05:30 DEBUG 48328 --- [Job Portal Management System] [nio-8080-exec-2] o.s.web.servlet.DispatcherServlet        : Completed 200 OK
2026-05-05T22:12:10.393+05:30 DEBUG 48328 --- [Job Portal Management System] [nio-8080-exec-4] o.s.web.servlet.DispatcherServlet        : Completed 200 OK
2026-05-05T22:12:12.131+05:30 DEBUG 48328 --- [Job Portal Management System] [nio-8080-exec-9] o.s.web.servlet.DispatcherServlet        : GET "/login", parameters={}
2026-05-05T22:12:12.138+05:30 DEBUG 48328 --- [Job Portal Management System] [nio-8080-exec-9] s.w.s.m.m.a.RequestMappingHandlerMapping : Mapped to com.arjun.jobportal.controller.MainController#login(Model)
2026-05-05T22:12:12.139+05:30 DEBUG 48328 --- [Job Portal Management System] [nio-8080-exec-9] o.s.w.s.v.ContentNegotiatingViewResolver : Selected 'text/html' given [text/html, application/xhtml+xml, image/avif, image/webp, image/apng, application/xml;q=0.9, */*;q=0.8, application/signed-exchange;v=b3;q=0.7]
2026-05-05T22:12:12.145+05:30 DEBUG 48328 --- [Job Portal Management System] [nio-8080-exec-9] o.s.web.servlet.DispatcherServlet        : Completed 200 OK
2026-05-05T22:12:12.161+05:30 DEBUG 48328 --- [Job Portal Management System] [nio-8080-exec-8] o.s.web.servlet.DispatcherServlet        : GET "/css/styles.css", parameters={}
2026-05-05T22:12:12.161+05:30 DEBUG 48328 --- [Job Portal Management System] [nio-8080-exec-8] o.s.w.s.handler.SimpleUrlHandlerMapping  : Mapped to ResourceHttpRequestHandler [classpath [META-INF/resources/], classpath [resources/], classpath [static/], classpath [public/], ServletContext [/]]
2026-05-05T22:12:12.162+05:30 DEBUG 48328 --- [Job Portal Management System] [nio-8080-exec-5] o.s.web.servlet.DispatcherServlet        : GET "/js/app.js?v=1777999332144", parameters={masked}
2026-05-05T22:12:12.162+05:30 DEBUG 48328 --- [Job Portal Management System] [nio-8080-exec-5] o.s.w.s.handler.SimpleUrlHandlerMapping  : Mapped to ResourceHttpRequestHandler [classpath [META-INF/resources/], classpath [resources/], classpath [static/], classpath [public/], ServletContext [/]]
2026-05-05T22:12:12.165+05:30 DEBUG 48328 --- [Job Portal Management System] [nio-8080-exec-5] o.s.web.servlet.DispatcherServlet        : Completed 200 OK
2026-05-05T22:12:12.165+05:30 DEBUG 48328 --- [Job Portal Management System] [nio-8080-exec-8] o.s.web.servlet.DispatcherServlet        : Completed 200 OK
2026-05-05T22:12:17.466+05:30 DEBUG 48328 --- [Job Portal Management System] [io-8080-exec-10] o.s.web.servlet.DispatcherServlet        : GET "/login", parameters={}
2026-05-05T22:12:17.473+05:30 DEBUG 48328 --- [Job Portal Management System] [io-8080-exec-10] s.w.s.m.m.a.RequestMappingHandlerMapping : Mapped to com.arjun.jobportal.controller.MainController#login(Model)
2026-05-05T22:12:17.474+05:30 DEBUG 48328 --- [Job Portal Management System] [io-8080-exec-10] o.s.w.s.v.ContentNegotiatingViewResolver : Selected 'text/html' given [text/html, application/xhtml+xml, image/avif, image/webp, image/apng, application/xml;q=0.9, */*;q=0.8, application/signed-exchange;v=b3;q=0.7]
2026-05-05T22:12:17.477+05:30 DEBUG 48328 --- [Job Portal Management System] [io-8080-exec-10] o.s.web.servlet.DispatcherServlet        : Completed 200 OK
2026-05-05T22:12:17.492+05:30 DEBUG 48328 --- [Job Portal Management System] [nio-8080-exec-7] o.s.web.servlet.DispatcherServlet        : GET "/css/styles.css", parameters={}
2026-05-05T22:12:17.493+05:30 DEBUG 48328 --- [Job Portal Management System] [nio-8080-exec-1] o.s.web.servlet.DispatcherServlet        : GET "/js/app.js?v=1777999337476", parameters={masked}
2026-05-05T22:12:17.493+05:30 DEBUG 48328 --- [Job Portal Management System] [nio-8080-exec-7] o.s.w.s.handler.SimpleUrlHandlerMapping  : Mapped to ResourceHttpRequestHandler [classpath [META-INF/resources/], classpath [resources/], classpath [static/], classpath [public/], ServletContext [/]]
2026-05-05T22:12:17.493+05:30 DEBUG 48328 --- [Job Portal Management System] [nio-8080-exec-1] o.s.w.s.handler.SimpleUrlHandlerMapping  : Mapped to ResourceHttpRequestHandler [classpath [META-INF/resources/], classpath [resources/], classpath [static/], classpath [public/], ServletContext [/]]
2026-05-05T22:12:17.496+05:30 DEBUG 48328 --- [Job Portal Management System] [nio-8080-exec-1] o.s.web.servlet.DispatcherServlet        : Completed 200 OK
2026-05-05T22:12:17.497+05:30 DEBUG 48328 --- [Job Portal Management System] [nio-8080-exec-7] o.s.web.servlet.DispatcherServlet        : Completed 200 OK
2026-05-05T22:12:22.283+05:30 DEBUG 48328 --- [Job Portal Management System] [nio-8080-exec-3] org.hibernate.SQL                        : select au1_0.id,au1_0.company_name,au1_0.email,au1_0.experience,au1_0.full_name,au1_0.location,au1_0.password,au1_0.phone,au1_0.resume_path,au1_0.role,au1_0.skills,au1_0.username from app_users au1_0 where au1_0.email=? or au1_0.username=?
2026-05-05T22:12:22.465+05:30 DEBUG 48328 --- [Job Portal Management System] [nio-8080-exec-6] o.s.web.servlet.DispatcherServlet        : GET "/dashboard", parameters={}
2026-05-05T22:12:22.468+05:30 DEBUG 48328 --- [Job Portal Management System] [nio-8080-exec-6] s.w.s.m.m.a.RequestMappingHandlerMapping : Mapped to com.arjun.jobportal.controller.MainController#dashboard(Authentication)
2026-05-05T22:12:22.470+05:30 DEBUG 48328 --- [Job Portal Management System] [nio-8080-exec-6] org.hibernate.SQL                        : select au1_0.id,au1_0.company_name,au1_0.email,au1_0.experience,au1_0.full_name,au1_0.location,au1_0.password,au1_0.phone,au1_0.resume_path,au1_0.role,au1_0.skills,au1_0.username from app_users au1_0 where au1_0.email=? or au1_0.username=?
2026-05-05T22:12:22.472+05:30 DEBUG 48328 --- [Job Portal Management System] [nio-8080-exec-6] org.hibernate.SQL                        : select au1_0.id,au1_0.company_name,au1_0.email,au1_0.experience,au1_0.full_name,au1_0.location,au1_0.password,au1_0.phone,au1_0.resume_path,au1_0.role,au1_0.skills,au1_0.username from app_users au1_0 where au1_0.email=? or au1_0.username=?
2026-05-05T22:12:22.474+05:30 DEBUG 48328 --- [Job Portal Management System] [nio-8080-exec-6] o.s.web.servlet.view.RedirectView        : View name [redirect:], model {}
2026-05-05T22:12:22.475+05:30 DEBUG 48328 --- [Job Portal Management System] [nio-8080-exec-6] o.s.web.servlet.DispatcherServlet        : Completed 302 FOUND
2026-05-05T22:12:22.479+05:30 DEBUG 48328 --- [Job Portal Management System] [nio-8080-exec-2] o.s.web.servlet.DispatcherServlet        : GET "/admin/dashboard", parameters={}
2026-05-05T22:12:22.480+05:30 DEBUG 48328 --- [Job Portal Management System] [nio-8080-exec-2] s.w.s.m.m.a.RequestMappingHandlerMapping : Mapped to com.arjun.jobportal.controller.MainController#adminDashboard(Model, Authentication)
2026-05-05T22:12:22.483+05:30 DEBUG 48328 --- [Job Portal Management System] [nio-8080-exec-2] org.hibernate.SQL                        : select au1_0.id,au1_0.company_name,au1_0.email,au1_0.experience,au1_0.full_name,au1_0.location,au1_0.password,au1_0.phone,au1_0.resume_path,au1_0.role,au1_0.skills,au1_0.username from app_users au1_0 where au1_0.email=? or au1_0.username=?
2026-05-05T22:12:22.486+05:30 DEBUG 48328 --- [Job Portal Management System] [nio-8080-exec-2] org.hibernate.SQL                        : select au1_0.id,au1_0.company_name,au1_0.email,au1_0.experience,au1_0.full_name,au1_0.location,au1_0.password,au1_0.phone,au1_0.resume_path,au1_0.role,au1_0.skills,au1_0.username from app_users au1_0 where au1_0.email=? or au1_0.username=?
2026-05-05T22:12:22.488+05:30 DEBUG 48328 --- [Job Portal Management System] [nio-8080-exec-2] org.hibernate.SQL                        : select au1_0.id,au1_0.company_name,au1_0.email,au1_0.experience,au1_0.full_name,au1_0.location,au1_0.password,au1_0.phone,au1_0.resume_path,au1_0.role,au1_0.skills,au1_0.username from app_users au1_0
2026-05-05T22:12:22.493+05:30 DEBUG 48328 --- [Job Portal Management System] [nio-8080-exec-2] org.hibernate.SQL                        : select j1_0.id,j1_0.active,j1_0.approval_status,j1_0.category,j1_0.description,j1_0.employer_id,j1_0.experience,j1_0.location,j1_0.posted_at,j1_0.salary,j1_0.skills_required,j1_0.title from job j1_0
2026-05-05T22:12:22.497+05:30 DEBUG 48328 --- [Job Portal Management System] [nio-8080-exec-2] org.hibernate.SQL                        : select j1_0.id,j1_0.active,j1_0.approval_status,j1_0.category,j1_0.description,j1_0.employer_id,j1_0.experience,j1_0.location,j1_0.posted_at,j1_0.salary,j1_0.skills_required,j1_0.title from job j1_0 where j1_0.approval_status=? order by j1_0.posted_at desc
2026-05-05T22:12:22.500+05:30 DEBUG 48328 --- [Job Portal Management System] [nio-8080-exec-2] org.hibernate.SQL                        : select ja1_0.id,ja1_0.applied_at,ja1_0.cover_note,ja1_0.job_id,ja1_0.resume_path,ja1_0.status,ja1_0.student_id from job_application ja1_0
2026-05-05T22:12:22.507+05:30 DEBUG 48328 --- [Job Portal Management System] [nio-8080-exec-2] o.s.w.s.v.ContentNegotiatingViewResolver : Selected 'text/html' given [text/html, application/xhtml+xml, image/avif, image/webp, image/apng, application/xml;q=0.9, */*;q=0.8, application/signed-exchange;v=b3;q=0.7]
2026-05-05T22:12:22.510+05:30 DEBUG 48328 --- [Job Portal Management System] [nio-8080-exec-2] o.s.web.servlet.DispatcherServlet        : Completed 200 OK
2026-05-05T22:12:22.525+05:30 DEBUG 48328 --- [Job Portal Management System] [nio-8080-exec-9] o.s.web.servlet.DispatcherServlet        : GET "/js/app.js", parameters={}
2026-05-05T22:12:22.525+05:30 DEBUG 48328 --- [Job Portal Management System] [nio-8080-exec-4] o.s.web.servlet.DispatcherServlet        : GET "/css/styles.css", parameters={}
2026-05-05T22:12:22.526+05:30 DEBUG 48328 --- [Job Portal Management System] [nio-8080-exec-9] o.s.w.s.handler.SimpleUrlHandlerMapping  : Mapped to ResourceHttpRequestHandler [classpath [META-INF/resources/], classpath [resources/], classpath [static/], classpath [public/], ServletContext [/]]
2026-05-05T22:12:22.526+05:30 DEBUG 48328 --- [Job Portal Management System] [nio-8080-exec-4] o.s.w.s.handler.SimpleUrlHandlerMapping  : Mapped to ResourceHttpRequestHandler [classpath [META-INF/resources/], classpath [resources/], classpath [static/], classpath [public/], ServletContext [/]]
2026-05-05T22:12:22.529+05:30 DEBUG 48328 --- [Job Portal Management System] [nio-8080-exec-9] o.s.web.servlet.DispatcherServlet        : Completed 200 OK
2026-05-05T22:12:22.529+05:30 DEBUG 48328 --- [Job Portal Management System] [nio-8080-exec-4] o.s.web.servlet.DispatcherServlet        : Completed 200 OK
2026-05-05T22:13:03.318+05:30 DEBUG 48328 --- [Job Portal Management System] [nio-8080-exec-8] o.s.web.servlet.DispatcherServlet        : GET "/", parameters={}
2026-05-05T22:13:03.325+05:30 DEBUG 48328 --- [Job Portal Management System] [nio-8080-exec-8] s.w.s.m.m.a.RequestMappingHandlerMapping : Mapped to com.arjun.jobportal.controller.MainController#home(Model)
2026-05-05T22:13:03.326+05:30 DEBUG 48328 --- [Job Portal Management System] [nio-8080-exec-8] org.hibernate.SQL                        : select j1_0.id,j1_0.active,j1_0.approval_status,j1_0.category,j1_0.description,j1_0.employer_id,j1_0.experience,j1_0.location,j1_0.posted_at,j1_0.salary,j1_0.skills_required,j1_0.title from job j1_0 where j1_0.active and j1_0.approval_status=? order by j1_0.posted_at desc
2026-05-05T22:13:03.329+05:30 DEBUG 48328 --- [Job Portal Management System] [nio-8080-exec-8] org.hibernate.SQL                        : select au1_0.id,au1_0.company_name,au1_0.email,au1_0.experience,au1_0.full_name,au1_0.location,au1_0.password,au1_0.phone,au1_0.resume_path,au1_0.role,au1_0.skills,au1_0.username from app_users au1_0 where au1_0.role=?
2026-05-05T22:13:03.332+05:30 DEBUG 48328 --- [Job Portal Management System] [nio-8080-exec-8] org.hibernate.SQL                        : select au1_0.id,au1_0.company_name,au1_0.email,au1_0.experience,au1_0.full_name,au1_0.location,au1_0.password,au1_0.phone,au1_0.resume_path,au1_0.role,au1_0.skills,au1_0.username from app_users au1_0 where au1_0.role=?
2026-05-05T22:13:03.334+05:30 DEBUG 48328 --- [Job Portal Management System] [nio-8080-exec-8] o.s.w.s.v.ContentNegotiatingViewResolver : Selected 'text/html' given [text/html, application/xhtml+xml, image/avif, image/webp, image/apng, application/xml;q=0.9, */*;q=0.8, application/signed-exchange;v=b3;q=0.7]
2026-05-05T22:13:03.337+05:30 DEBUG 48328 --- [Job Portal Management System] [nio-8080-exec-8] o.s.web.servlet.DispatcherServlet        : Completed 200 OK
2026-05-05T22:13:03.354+05:30 DEBUG 48328 --- [Job Portal Management System] [nio-8080-exec-7] o.s.web.servlet.DispatcherServlet        : GET "/js/app.js", parameters={}
2026-05-05T22:13:03.354+05:30 DEBUG 48328 --- [Job Portal Management System] [io-8080-exec-10] o.s.web.servlet.DispatcherServlet        : GET "/css/styles.css", parameters={}
2026-05-05T22:13:03.355+05:30 DEBUG 48328 --- [Job Portal Management System] [nio-8080-exec-7] o.s.w.s.handler.SimpleUrlHandlerMapping  : Mapped to ResourceHttpRequestHandler [classpath [META-INF/resources/], classpath [resources/], classpath [static/], classpath [public/], ServletContext [/]]
2026-05-05T22:13:03.355+05:30 DEBUG 48328 --- [Job Portal Management System] [io-8080-exec-10] o.s.w.s.handler.SimpleUrlHandlerMapping  : Mapped to ResourceHttpRequestHandler [classpath [META-INF/resources/], classpath [resources/], classpath [static/], classpath [public/], ServletContext [/]]
2026-05-05T22:13:03.358+05:30 DEBUG 48328 --- [Job Portal Management System] [nio-8080-exec-7] o.s.web.servlet.DispatcherServlet        : Completed 200 OK
2026-05-05T22:13:03.358+05:30 DEBUG 48328 --- [Job Portal Management System] [io-8080-exec-10] o.s.web.servlet.DispatcherServlet        : Completed 200 OK
2026-05-05T22:13:06.272+05:30 DEBUG 48328 --- [Job Portal Management System] [nio-8080-exec-1] o.s.web.servlet.DispatcherServlet        : GET "/login", parameters={}
2026-05-05T22:13:06.275+05:30 DEBUG 48328 --- [Job Portal Management System] [nio-8080-exec-1] s.w.s.m.m.a.RequestMappingHandlerMapping : Mapped to com.arjun.jobportal.controller.MainController#login(Model)
2026-05-05T22:13:06.276+05:30 DEBUG 48328 --- [Job Portal Management System] [nio-8080-exec-1] o.s.w.s.v.ContentNegotiatingViewResolver : Selected 'text/html' given [text/html, application/xhtml+xml, image/avif, image/webp, image/apng, application/xml;q=0.9, */*;q=0.8, application/signed-exchange;v=b3;q=0.7]
2026-05-05T22:13:06.283+05:30 DEBUG 48328 --- [Job Portal Management System] [nio-8080-exec-1] o.s.web.servlet.DispatcherServlet        : Completed 200 OK
2026-05-05T22:13:06.296+05:30 DEBUG 48328 --- [Job Portal Management System] [nio-8080-exec-3] o.s.web.servlet.DispatcherServlet        : GET "/css/styles.css", parameters={}
2026-05-05T22:13:06.297+05:30 DEBUG 48328 --- [Job Portal Management System] [nio-8080-exec-3] o.s.w.s.handler.SimpleUrlHandlerMapping  : Mapped to ResourceHttpRequestHandler [classpath [META-INF/resources/], classpath [resources/], classpath [static/], classpath [public/], ServletContext [/]]
2026-05-05T22:13:06.297+05:30 DEBUG 48328 --- [Job Portal Management System] [nio-8080-exec-6] o.s.web.servlet.DispatcherServlet        : GET "/js/app.js?v=1777999386282", parameters={masked}
2026-05-05T22:13:06.298+05:30 DEBUG 48328 --- [Job Portal Management System] [nio-8080-exec-6] o.s.w.s.handler.SimpleUrlHandlerMapping  : Mapped to ResourceHttpRequestHandler [classpath [META-INF/resources/], classpath [resources/], classpath [static/], classpath [public/], ServletContext [/]]
2026-05-05T22:13:06.299+05:30 DEBUG 48328 --- [Job Portal Management System] [nio-8080-exec-3] o.s.web.servlet.DispatcherServlet        : Completed 200 OK
2026-05-05T22:13:06.301+05:30 DEBUG 48328 --- [Job Portal Management System] [nio-8080-exec-6] o.s.web.servlet.DispatcherServlet        : Completed 200 OK
2026-05-05T22:13:09.317+05:30 DEBUG 48328 --- [Job Portal Management System] [nio-8080-exec-2] o.s.web.servlet.DispatcherServlet        : GET "/login", parameters={}
2026-05-05T22:13:09.324+05:30 DEBUG 48328 --- [Job Portal Management System] [nio-8080-exec-2] s.w.s.m.m.a.RequestMappingHandlerMapping : Mapped to com.arjun.jobportal.controller.MainController#login(Model)
2026-05-05T22:13:09.325+05:30 DEBUG 48328 --- [Job Portal Management System] [nio-8080-exec-2] o.s.w.s.v.ContentNegotiatingViewResolver : Selected 'text/html' given [text/html, application/xhtml+xml, image/avif, image/webp, image/apng, application/xml;q=0.9, */*;q=0.8, application/signed-exchange;v=b3;q=0.7]
2026-05-05T22:13:09.331+05:30 DEBUG 48328 --- [Job Portal Management System] [nio-8080-exec-2] o.s.web.servlet.DispatcherServlet        : Completed 200 OK
2026-05-05T22:13:09.347+05:30 DEBUG 48328 --- [Job Portal Management System] [nio-8080-exec-9] o.s.web.servlet.DispatcherServlet        : GET "/css/styles.css", parameters={}
2026-05-05T22:13:09.347+05:30 DEBUG 48328 --- [Job Portal Management System] [nio-8080-exec-4] o.s.web.servlet.DispatcherServlet        : GET "/js/app.js?v=1777999389330", parameters={masked}
2026-05-05T22:13:09.347+05:30 DEBUG 48328 --- [Job Portal Management System] [nio-8080-exec-9] o.s.w.s.handler.SimpleUrlHandlerMapping  : Mapped to ResourceHttpRequestHandler [classpath [META-INF/resources/], classpath [resources/], classpath [static/], classpath [public/], ServletContext [/]]
2026-05-05T22:13:09.348+05:30 DEBUG 48328 --- [Job Portal Management System] [nio-8080-exec-4] o.s.w.s.handler.SimpleUrlHandlerMapping  : Mapped to ResourceHttpRequestHandler [classpath [META-INF/resources/], classpath [resources/], classpath [static/], classpath [public/], ServletContext [/]]
2026-05-05T22:13:09.351+05:30 DEBUG 48328 --- [Job Portal Management System] [nio-8080-exec-9] o.s.web.servlet.DispatcherServlet        : Completed 200 OK
2026-05-05T22:13:09.351+05:30 DEBUG 48328 --- [Job Portal Management System] [nio-8080-exec-4] o.s.web.servlet.DispatcherServlet        : Completed 200 OK
2026-05-05T22:13:21.057+05:30 DEBUG 48328 --- [Job Portal Management System] [nio-8080-exec-5] org.hibernate.SQL                        : select au1_0.id,au1_0.company_name,au1_0.email,au1_0.experience,au1_0.full_name,au1_0.location,au1_0.password,au1_0.phone,au1_0.resume_path,au1_0.role,au1_0.skills,au1_0.username from app_users au1_0 where au1_0.email=? or au1_0.username=?
2026-05-05T22:13:21.224+05:30 DEBUG 48328 --- [Job Portal Management System] [nio-8080-exec-8] o.s.web.servlet.DispatcherServlet        : GET "/dashboard", parameters={}
2026-05-05T22:13:21.226+05:30 DEBUG 48328 --- [Job Portal Management System] [nio-8080-exec-8] s.w.s.m.m.a.RequestMappingHandlerMapping : Mapped to com.arjun.jobportal.controller.MainController#dashboard(Authentication)
2026-05-05T22:13:21.228+05:30 DEBUG 48328 --- [Job Portal Management System] [nio-8080-exec-8] org.hibernate.SQL                        : select au1_0.id,au1_0.company_name,au1_0.email,au1_0.experience,au1_0.full_name,au1_0.location,au1_0.password,au1_0.phone,au1_0.resume_path,au1_0.role,au1_0.skills,au1_0.username from app_users au1_0 where au1_0.email=? or au1_0.username=?
2026-05-05T22:13:21.232+05:30 DEBUG 48328 --- [Job Portal Management System] [nio-8080-exec-8] org.hibernate.SQL                        : select au1_0.id,au1_0.company_name,au1_0.email,au1_0.experience,au1_0.full_name,au1_0.location,au1_0.password,au1_0.phone,au1_0.resume_path,au1_0.role,au1_0.skills,au1_0.username from app_users au1_0 where au1_0.email=? or au1_0.username=?
2026-05-05T22:13:21.234+05:30 DEBUG 48328 --- [Job Portal Management System] [nio-8080-exec-8] o.s.web.servlet.view.RedirectView        : View name [redirect:], model {}
2026-05-05T22:13:21.234+05:30 DEBUG 48328 --- [Job Portal Management System] [nio-8080-exec-8] o.s.web.servlet.DispatcherServlet        : Completed 302 FOUND
2026-05-05T22:13:21.238+05:30 DEBUG 48328 --- [Job Portal Management System] [nio-8080-exec-7] o.s.web.servlet.DispatcherServlet        : GET "/employer/dashboard", parameters={}
2026-05-05T22:13:21.238+05:30 DEBUG 48328 --- [Job Portal Management System] [nio-8080-exec-7] s.w.s.m.m.a.RequestMappingHandlerMapping : Mapped to com.arjun.jobportal.controller.MainController#employerDashboard(Model, Authentication)
2026-05-05T22:13:21.239+05:30 DEBUG 48328 --- [Job Portal Management System] [nio-8080-exec-7] org.hibernate.SQL                        : select au1_0.id,au1_0.company_name,au1_0.email,au1_0.experience,au1_0.full_name,au1_0.location,au1_0.password,au1_0.phone,au1_0.resume_path,au1_0.role,au1_0.skills,au1_0.username from app_users au1_0 where au1_0.email=? or au1_0.username=?
2026-05-05T22:13:21.242+05:30 DEBUG 48328 --- [Job Portal Management System] [nio-8080-exec-7] org.hibernate.SQL                        : select au1_0.id,au1_0.company_name,au1_0.email,au1_0.experience,au1_0.full_name,au1_0.location,au1_0.password,au1_0.phone,au1_0.resume_path,au1_0.role,au1_0.skills,au1_0.username from app_users au1_0 where au1_0.email=? or au1_0.username=?
2026-05-05T22:13:21.244+05:30 DEBUG 48328 --- [Job Portal Management System] [nio-8080-exec-7] org.hibernate.SQL                        : select j1_0.id,j1_0.active,j1_0.approval_status,j1_0.category,j1_0.description,j1_0.employer_id,j1_0.experience,j1_0.location,j1_0.posted_at,j1_0.salary,j1_0.skills_required,j1_0.title from job j1_0 where j1_0.employer_id=? order by j1_0.posted_at desc
2026-05-05T22:13:21.246+05:30 DEBUG 48328 --- [Job Portal Management System] [nio-8080-exec-7] org.hibernate.SQL                        : select count(ja1_0.id) from job_application ja1_0 left join job j1_0 on j1_0.id=ja1_0.job_id left join app_users e1_0 on e1_0.id=j1_0.employer_id where e1_0.id=?
2026-05-05T22:13:21.247+05:30 DEBUG 48328 --- [Job Portal Management System] [nio-8080-exec-7] o.s.w.s.v.ContentNegotiatingViewResolver : Selected 'text/html' given [text/html, application/xhtml+xml, image/avif, image/webp, image/apng, application/xml;q=0.9, */*;q=0.8, application/signed-exchange;v=b3;q=0.7]
2026-05-05T22:13:21.250+05:30 DEBUG 48328 --- [Job Portal Management System] [nio-8080-exec-7] o.s.web.servlet.DispatcherServlet        : Completed 200 OK
2026-05-05T22:13:21.268+05:30 DEBUG 48328 --- [Job Portal Management System] [io-8080-exec-10] o.s.web.servlet.DispatcherServlet        : GET "/css/styles.css", parameters={}
2026-05-05T22:13:21.268+05:30 DEBUG 48328 --- [Job Portal Management System] [nio-8080-exec-1] o.s.web.servlet.DispatcherServlet        : GET "/js/app.js", parameters={}
2026-05-05T22:13:21.269+05:30 DEBUG 48328 --- [Job Portal Management System] [io-8080-exec-10] o.s.w.s.handler.SimpleUrlHandlerMapping  : Mapped to ResourceHttpRequestHandler [classpath [META-INF/resources/], classpath [resources/], classpath [static/], classpath [public/], ServletContext [/]]
2026-05-05T22:13:21.269+05:30 DEBUG 48328 --- [Job Portal Management System] [nio-8080-exec-1] o.s.w.s.handler.SimpleUrlHandlerMapping  : Mapped to ResourceHttpRequestHandler [classpath [META-INF/resources/], classpath [resources/], classpath [static/], classpath [public/], ServletContext [/]]
2026-05-05T22:13:21.271+05:30 DEBUG 48328 --- [Job Portal Management System] [io-8080-exec-10] o.s.web.servlet.DispatcherServlet        : Completed 200 OK
2026-05-05T22:13:21.271+05:30 DEBUG 48328 --- [Job Portal Management System] [nio-8080-exec-1] o.s.web.servlet.DispatcherServlet        : Completed 200 OK
2026-05-05T22:13:30.777+05:30 DEBUG 48328 --- [Job Portal Management System] [nio-8080-exec-3] o.s.web.servlet.DispatcherServlet        : GET "/employer/jobs/new", parameters={}
2026-05-05T22:13:30.784+05:30 DEBUG 48328 --- [Job Portal Management System] [nio-8080-exec-3] s.w.s.m.m.a.RequestMappingHandlerMapping : Mapped to com.arjun.jobportal.controller.MainController#newJob(Model, Authentication)
2026-05-05T22:13:30.786+05:30 DEBUG 48328 --- [Job Portal Management System] [nio-8080-exec-3] org.hibernate.SQL                        : select au1_0.id,au1_0.company_name,au1_0.email,au1_0.experience,au1_0.full_name,au1_0.location,au1_0.password,au1_0.phone,au1_0.resume_path,au1_0.role,au1_0.skills,au1_0.username from app_users au1_0 where au1_0.email=? or au1_0.username=?
2026-05-05T22:13:30.789+05:30 DEBUG 48328 --- [Job Portal Management System] [nio-8080-exec-3] org.hibernate.SQL                        : select au1_0.id,au1_0.company_name,au1_0.email,au1_0.experience,au1_0.full_name,au1_0.location,au1_0.password,au1_0.phone,au1_0.resume_path,au1_0.role,au1_0.skills,au1_0.username from app_users au1_0 where au1_0.email=? or au1_0.username=?
2026-05-05T22:13:30.791+05:30 DEBUG 48328 --- [Job Portal Management System] [nio-8080-exec-3] o.s.w.s.v.ContentNegotiatingViewResolver : Selected 'text/html' given [text/html, application/xhtml+xml, image/avif, image/webp, image/apng, application/xml;q=0.9, */*;q=0.8, application/signed-exchange;v=b3;q=0.7]
2026-05-05T22:13:30.795+05:30 DEBUG 48328 --- [Job Portal Management System] [nio-8080-exec-3] o.s.web.servlet.DispatcherServlet        : Completed 200 OK
2026-05-05T22:13:30.811+05:30 DEBUG 48328 --- [Job Portal Management System] [nio-8080-exec-6] o.s.web.servlet.DispatcherServlet        : GET "/css/styles.css", parameters={}
2026-05-05T22:13:30.812+05:30 DEBUG 48328 --- [Job Portal Management System] [nio-8080-exec-6] o.s.w.s.handler.SimpleUrlHandlerMapping  : Mapped to ResourceHttpRequestHandler [classpath [META-INF/resources/], classpath [resources/], classpath [static/], classpath [public/], ServletContext [/]]
2026-05-05T22:13:30.815+05:30 DEBUG 48328 --- [Job Portal Management System] [nio-8080-exec-6] o.s.web.servlet.DispatcherServlet        : Completed 200 OK
2026-05-05T22:14:36.043+05:30 DEBUG 48328 --- [Job Portal Management System] [nio-8080-exec-4] o.s.web.servlet.DispatcherServlet        : POST "/employer/jobs", parameters={masked}
2026-05-05T22:14:36.043+05:30 DEBUG 48328 --- [Job Portal Management System] [nio-8080-exec-4] s.w.s.m.m.a.RequestMappingHandlerMapping : Mapped to com.arjun.jobportal.controller.MainController#saveJob(Job, BindingResult, Authentication)
2026-05-05T22:14:36.045+05:30 DEBUG 48328 --- [Job Portal Management System] [nio-8080-exec-4] org.hibernate.SQL                        : select au1_0.id,au1_0.company_name,au1_0.email,au1_0.experience,au1_0.full_name,au1_0.location,au1_0.password,au1_0.phone,au1_0.resume_path,au1_0.role,au1_0.skills,au1_0.username from app_users au1_0 where au1_0.email=? or au1_0.username=?
2026-05-05T22:14:36.093+05:30 DEBUG 48328 --- [Job Portal Management System] [nio-8080-exec-4] org.hibernate.SQL                        : select au1_0.id,au1_0.company_name,au1_0.email,au1_0.experience,au1_0.full_name,au1_0.location,au1_0.password,au1_0.phone,au1_0.resume_path,au1_0.role,au1_0.skills,au1_0.username from app_users au1_0 where au1_0.email=? or au1_0.username=?
2026-05-05T22:14:36.096+05:30 DEBUG 48328 --- [Job Portal Management System] [nio-8080-exec-4] org.hibernate.SQL                        : insert into job (active,approval_status,category,description,employer_id,experience,location,posted_at,salary,skills_required,title) values (?,?,?,?,?,?,?,?,?,?,?)
2026-05-05T22:14:36.102+05:30 DEBUG 48328 --- [Job Portal Management System] [nio-8080-exec-4] o.s.web.servlet.view.RedirectView        : View name [redirect:], model {}
2026-05-05T22:14:36.103+05:30 DEBUG 48328 --- [Job Portal Management System] [nio-8080-exec-4] o.s.web.servlet.DispatcherServlet        : Completed 302 FOUND
2026-05-05T22:14:36.107+05:30 DEBUG 48328 --- [Job Portal Management System] [nio-8080-exec-5] o.s.web.servlet.DispatcherServlet        : GET "/employer/dashboard?saved", parameters={masked}
2026-05-05T22:14:36.107+05:30 DEBUG 48328 --- [Job Portal Management System] [nio-8080-exec-5] s.w.s.m.m.a.RequestMappingHandlerMapping : Mapped to com.arjun.jobportal.controller.MainController#employerDashboard(Model, Authentication)
2026-05-05T22:14:36.109+05:30 DEBUG 48328 --- [Job Portal Management System] [nio-8080-exec-5] org.hibernate.SQL                        : select au1_0.id,au1_0.company_name,au1_0.email,au1_0.experience,au1_0.full_name,au1_0.location,au1_0.password,au1_0.phone,au1_0.resume_path,au1_0.role,au1_0.skills,au1_0.username from app_users au1_0 where au1_0.email=? or au1_0.username=?
2026-05-05T22:14:36.112+05:30 DEBUG 48328 --- [Job Portal Management System] [nio-8080-exec-5] org.hibernate.SQL                        : select au1_0.id,au1_0.company_name,au1_0.email,au1_0.experience,au1_0.full_name,au1_0.location,au1_0.password,au1_0.phone,au1_0.resume_path,au1_0.role,au1_0.skills,au1_0.username from app_users au1_0 where au1_0.email=? or au1_0.username=?
2026-05-05T22:14:36.115+05:30 DEBUG 48328 --- [Job Portal Management System] [nio-8080-exec-5] org.hibernate.SQL                        : select j1_0.id,j1_0.active,j1_0.approval_status,j1_0.category,j1_0.description,j1_0.employer_id,j1_0.experience,j1_0.location,j1_0.posted_at,j1_0.salary,j1_0.skills_required,j1_0.title from job j1_0 where j1_0.employer_id=? order by j1_0.posted_at desc
2026-05-05T22:14:36.118+05:30 DEBUG 48328 --- [Job Portal Management System] [nio-8080-exec-5] org.hibernate.SQL                        : select count(ja1_0.id) from job_application ja1_0 left join job j1_0 on j1_0.id=ja1_0.job_id left join app_users e1_0 on e1_0.id=j1_0.employer_id where e1_0.id=?
2026-05-05T22:14:36.120+05:30 DEBUG 48328 --- [Job Portal Management System] [nio-8080-exec-5] o.s.w.s.v.ContentNegotiatingViewResolver : Selected 'text/html' given [text/html, application/xhtml+xml, image/avif, image/webp, image/apng, application/xml;q=0.9, */*;q=0.8, application/signed-exchange;v=b3;q=0.7]
2026-05-05T22:14:36.122+05:30 DEBUG 48328 --- [Job Portal Management System] [nio-8080-exec-5] o.s.web.servlet.DispatcherServlet        : Completed 200 OK
2026-05-05T22:14:36.139+05:30 DEBUG 48328 --- [Job Portal Management System] [nio-8080-exec-8] o.s.web.servlet.DispatcherServlet        : GET "/css/styles.css", parameters={}
2026-05-05T22:14:36.139+05:30 DEBUG 48328 --- [Job Portal Management System] [nio-8080-exec-7] o.s.web.servlet.DispatcherServlet        : GET "/js/app.js", parameters={}
2026-05-05T22:14:36.140+05:30 DEBUG 48328 --- [Job Portal Management System] [nio-8080-exec-8] o.s.w.s.handler.SimpleUrlHandlerMapping  : Mapped to ResourceHttpRequestHandler [classpath [META-INF/resources/], classpath [resources/], classpath [static/], classpath [public/], ServletContext [/]]
2026-05-05T22:14:36.140+05:30 DEBUG 48328 --- [Job Portal Management System] [nio-8080-exec-7] o.s.w.s.handler.SimpleUrlHandlerMapping  : Mapped to ResourceHttpRequestHandler [classpath [META-INF/resources/], classpath [resources/], classpath [static/], classpath [public/], ServletContext [/]]
2026-05-05T22:14:36.143+05:30 DEBUG 48328 --- [Job Portal Management System] [nio-8080-exec-8] o.s.web.servlet.DispatcherServlet        : Completed 200 OK
2026-05-05T22:14:36.143+05:30 DEBUG 48328 --- [Job Portal Management System] [nio-8080-exec-7] o.s.web.servlet.DispatcherServlet        : Completed 200 OK
2026-05-05T22:15:53.976+05:30 DEBUG 48328 --- [Job Portal Management System] [nio-8080-exec-3] o.s.web.servlet.DispatcherServlet        : GET "/employer/applicants", parameters={}
2026-05-05T22:15:53.982+05:30 DEBUG 48328 --- [Job Portal Management System] [nio-8080-exec-3] s.w.s.m.m.a.RequestMappingHandlerMapping : Mapped to com.arjun.jobportal.controller.MainController#applicants(Model, Authentication)
2026-05-05T22:15:53.984+05:30 DEBUG 48328 --- [Job Portal Management System] [nio-8080-exec-3] org.hibernate.SQL                        : select au1_0.id,au1_0.company_name,au1_0.email,au1_0.experience,au1_0.full_name,au1_0.location,au1_0.password,au1_0.phone,au1_0.resume_path,au1_0.role,au1_0.skills,au1_0.username from app_users au1_0 where au1_0.email=? or au1_0.username=?
2026-05-05T22:15:53.988+05:30 DEBUG 48328 --- [Job Portal Management System] [nio-8080-exec-3] org.hibernate.SQL                        : select au1_0.id,au1_0.company_name,au1_0.email,au1_0.experience,au1_0.full_name,au1_0.location,au1_0.password,au1_0.phone,au1_0.resume_path,au1_0.role,au1_0.skills,au1_0.username from app_users au1_0 where au1_0.email=? or au1_0.username=?
2026-05-05T22:15:53.990+05:30 DEBUG 48328 --- [Job Portal Management System] [nio-8080-exec-3] org.hibernate.SQL                        : select ja1_0.id,ja1_0.applied_at,ja1_0.cover_note,ja1_0.job_id,ja1_0.resume_path,ja1_0.status,ja1_0.student_id from job_application ja1_0 left join job j1_0 on j1_0.id=ja1_0.job_id left join app_users e1_0 on e1_0.id=j1_0.employer_id where e1_0.id=? order by ja1_0.applied_at desc
2026-05-05T22:15:53.994+05:30 DEBUG 48328 --- [Job Portal Management System] [nio-8080-exec-3] o.s.w.s.v.ContentNegotiatingViewResolver : Selected 'text/html' given [text/html, application/xhtml+xml, image/avif, image/webp, image/apng, application/xml;q=0.9, */*;q=0.8, application/signed-exchange;v=b3;q=0.7]
2026-05-05T22:15:53.996+05:30 DEBUG 48328 --- [Job Portal Management System] [nio-8080-exec-3] org.hibernate.SQL                        : select au1_0.id,au1_0.company_name,au1_0.email,au1_0.experience,au1_0.full_name,au1_0.location,au1_0.password,au1_0.phone,au1_0.resume_path,au1_0.role,au1_0.skills,au1_0.username from app_users au1_0 where au1_0.id=?
2026-05-05T22:15:53.998+05:30 DEBUG 48328 --- [Job Portal Management System] [nio-8080-exec-3] org.hibernate.SQL                        : select j1_0.id,j1_0.active,j1_0.approval_status,j1_0.category,j1_0.description,j1_0.employer_id,j1_0.experience,j1_0.location,j1_0.posted_at,j1_0.salary,j1_0.skills_required,j1_0.title from job j1_0 where j1_0.id=?
2026-05-05T22:15:54.000+05:30 DEBUG 48328 --- [Job Portal Management System] [nio-8080-exec-3] org.hibernate.SQL                        : select au1_0.id,au1_0.company_name,au1_0.email,au1_0.experience,au1_0.full_name,au1_0.location,au1_0.password,au1_0.phone,au1_0.resume_path,au1_0.role,au1_0.skills,au1_0.username from app_users au1_0 where au1_0.id=?
2026-05-05T22:15:54.001+05:30 DEBUG 48328 --- [Job Portal Management System] [nio-8080-exec-3] o.s.web.servlet.DispatcherServlet        : Completed 200 OK
2026-05-05T22:15:54.018+05:30 DEBUG 48328 --- [Job Portal Management System] [nio-8080-exec-2] o.s.web.servlet.DispatcherServlet        : GET "/js/app.js", parameters={}
2026-05-05T22:15:54.019+05:30 DEBUG 48328 --- [Job Portal Management System] [nio-8080-exec-6] o.s.web.servlet.DispatcherServlet        : GET "/css/styles.css", parameters={}
2026-05-05T22:15:54.019+05:30 DEBUG 48328 --- [Job Portal Management System] [nio-8080-exec-2] o.s.w.s.handler.SimpleUrlHandlerMapping  : Mapped to ResourceHttpRequestHandler [classpath [META-INF/resources/], classpath [resources/], classpath [static/], classpath [public/], ServletContext [/]]
2026-05-05T22:15:54.019+05:30 DEBUG 48328 --- [Job Portal Management System] [nio-8080-exec-6] o.s.w.s.handler.SimpleUrlHandlerMapping  : Mapped to ResourceHttpRequestHandler [classpath [META-INF/resources/], classpath [resources/], classpath [static/], classpath [public/], ServletContext [/]]
2026-05-05T22:15:54.022+05:30 DEBUG 48328 --- [Job Portal Management System] [nio-8080-exec-2] o.s.web.servlet.DispatcherServlet        : Completed 200 OK
2026-05-05T22:15:54.022+05:30 DEBUG 48328 --- [Job Portal Management System] [nio-8080-exec-6] o.s.web.servlet.DispatcherServlet        : Completed 200 OK
2026-05-05T22:16:39.837+05:30 DEBUG 48328 --- [Job Portal Management System] [nio-8080-exec-4] o.s.web.servlet.DispatcherServlet        : GET "/", parameters={}
2026-05-05T22:16:39.837+05:30 DEBUG 48328 --- [Job Portal Management System] [nio-8080-exec-4] s.w.s.m.m.a.RequestMappingHandlerMapping : Mapped to com.arjun.jobportal.controller.MainController#home(Model)
2026-05-05T22:16:39.840+05:30 DEBUG 48328 --- [Job Portal Management System] [nio-8080-exec-4] org.hibernate.SQL                        : select j1_0.id,j1_0.active,j1_0.approval_status,j1_0.category,j1_0.description,j1_0.employer_id,j1_0.experience,j1_0.location,j1_0.posted_at,j1_0.salary,j1_0.skills_required,j1_0.title from job j1_0 where j1_0.active and j1_0.approval_status=? order by j1_0.posted_at desc
2026-05-05T22:16:39.843+05:30 DEBUG 48328 --- [Job Portal Management System] [nio-8080-exec-4] org.hibernate.SQL                        : select au1_0.id,au1_0.company_name,au1_0.email,au1_0.experience,au1_0.full_name,au1_0.location,au1_0.password,au1_0.phone,au1_0.resume_path,au1_0.role,au1_0.skills,au1_0.username from app_users au1_0 where au1_0.role=?
2026-05-05T22:16:39.845+05:30 DEBUG 48328 --- [Job Portal Management System] [nio-8080-exec-4] org.hibernate.SQL                        : select au1_0.id,au1_0.company_name,au1_0.email,au1_0.experience,au1_0.full_name,au1_0.location,au1_0.password,au1_0.phone,au1_0.resume_path,au1_0.role,au1_0.skills,au1_0.username from app_users au1_0 where au1_0.role=?
2026-05-05T22:16:39.846+05:30 DEBUG 48328 --- [Job Portal Management System] [nio-8080-exec-4] o.s.w.s.v.ContentNegotiatingViewResolver : Selected 'text/html' given [text/html, application/xhtml+xml, image/avif, image/webp, image/apng, application/xml;q=0.9, */*;q=0.8, application/signed-exchange;v=b3;q=0.7]
2026-05-05T22:16:39.851+05:30 DEBUG 48328 --- [Job Portal Management System] [nio-8080-exec-4] o.s.web.servlet.DispatcherServlet        : Completed 200 OK
2026-05-05T22:16:39.869+05:30 DEBUG 48328 --- [Job Portal Management System] [nio-8080-exec-8] o.s.web.servlet.DispatcherServlet        : GET "/js/app.js", parameters={}
2026-05-05T22:16:39.870+05:30 DEBUG 48328 --- [Job Portal Management System] [nio-8080-exec-5] o.s.web.servlet.DispatcherServlet        : GET "/css/styles.css", parameters={}
2026-05-05T22:16:39.871+05:30 DEBUG 48328 --- [Job Portal Management System] [nio-8080-exec-8] o.s.w.s.handler.SimpleUrlHandlerMapping  : Mapped to ResourceHttpRequestHandler [classpath [META-INF/resources/], classpath [resources/], classpath [static/], classpath [public/], ServletContext [/]]
2026-05-05T22:16:39.871+05:30 DEBUG 48328 --- [Job Portal Management System] [nio-8080-exec-5] o.s.w.s.handler.SimpleUrlHandlerMapping  : Mapped to ResourceHttpRequestHandler [classpath [META-INF/resources/], classpath [resources/], classpath [static/], classpath [public/], ServletContext [/]]
2026-05-05T22:16:39.873+05:30 DEBUG 48328 --- [Job Portal Management System] [nio-8080-exec-8] o.s.web.servlet.DispatcherServlet        : Completed 200 OK
2026-05-05T22:16:39.874+05:30 DEBUG 48328 --- [Job Portal Management System] [nio-8080-exec-5] o.s.web.servlet.DispatcherServlet        : Completed 200 OK
2026-05-05T22:16:42.310+05:30 DEBUG 48328 --- [Job Portal Management System] [nio-8080-exec-7] o.s.web.servlet.DispatcherServlet        : GET "/login", parameters={}
2026-05-05T22:16:42.317+05:30 DEBUG 48328 --- [Job Portal Management System] [nio-8080-exec-7] s.w.s.m.m.a.RequestMappingHandlerMapping : Mapped to com.arjun.jobportal.controller.MainController#login(Model)
2026-05-05T22:16:42.318+05:30 DEBUG 48328 --- [Job Portal Management System] [nio-8080-exec-7] o.s.w.s.v.ContentNegotiatingViewResolver : Selected 'text/html' given [text/html, application/xhtml+xml, image/avif, image/webp, image/apng, application/xml;q=0.9, */*;q=0.8, application/signed-exchange;v=b3;q=0.7]
2026-05-05T22:16:42.324+05:30 DEBUG 48328 --- [Job Portal Management System] [nio-8080-exec-7] o.s.web.servlet.DispatcherServlet        : Completed 200 OK
2026-05-05T22:16:42.340+05:30 DEBUG 48328 --- [Job Portal Management System] [io-8080-exec-10] o.s.web.servlet.DispatcherServlet        : GET "/css/styles.css", parameters={}
2026-05-05T22:16:42.340+05:30 DEBUG 48328 --- [Job Portal Management System] [nio-8080-exec-1] o.s.web.servlet.DispatcherServlet        : GET "/js/app.js?v=1777999602324", parameters={masked}
2026-05-05T22:16:42.340+05:30 DEBUG 48328 --- [Job Portal Management System] [io-8080-exec-10] o.s.w.s.handler.SimpleUrlHandlerMapping  : Mapped to ResourceHttpRequestHandler [classpath [META-INF/resources/], classpath [resources/], classpath [static/], classpath [public/], ServletContext [/]]
2026-05-05T22:16:42.340+05:30 DEBUG 48328 --- [Job Portal Management System] [nio-8080-exec-1] o.s.w.s.handler.SimpleUrlHandlerMapping  : Mapped to ResourceHttpRequestHandler [classpath [META-INF/resources/], classpath [resources/], classpath [static/], classpath [public/], ServletContext [/]]
2026-05-05T22:16:42.343+05:30 DEBUG 48328 --- [Job Portal Management System] [nio-8080-exec-1] o.s.web.servlet.DispatcherServlet        : Completed 200 OK
2026-05-05T22:16:42.343+05:30 DEBUG 48328 --- [Job Portal Management System] [io-8080-exec-10] o.s.web.servlet.DispatcherServlet        : Completed 200 OK
2026-05-05T22:16:49.601+05:30 DEBUG 48328 --- [Job Portal Management System] [nio-8080-exec-3] org.hibernate.SQL                        : select au1_0.id,au1_0.company_name,au1_0.email,au1_0.experience,au1_0.full_name,au1_0.location,au1_0.password,au1_0.phone,au1_0.resume_path,au1_0.role,au1_0.skills,au1_0.username from app_users au1_0 where au1_0.email=? or au1_0.username=?
2026-05-05T22:16:49.763+05:30 DEBUG 48328 --- [Job Portal Management System] [nio-8080-exec-2] o.s.web.servlet.DispatcherServlet        : GET "/dashboard", parameters={}
2026-05-05T22:16:49.764+05:30 DEBUG 48328 --- [Job Portal Management System] [nio-8080-exec-2] s.w.s.m.m.a.RequestMappingHandlerMapping : Mapped to com.arjun.jobportal.controller.MainController#dashboard(Authentication)
2026-05-05T22:16:49.767+05:30 DEBUG 48328 --- [Job Portal Management System] [nio-8080-exec-2] org.hibernate.SQL                        : select au1_0.id,au1_0.company_name,au1_0.email,au1_0.experience,au1_0.full_name,au1_0.location,au1_0.password,au1_0.phone,au1_0.resume_path,au1_0.role,au1_0.skills,au1_0.username from app_users au1_0 where au1_0.email=? or au1_0.username=?
2026-05-05T22:16:49.769+05:30 DEBUG 48328 --- [Job Portal Management System] [nio-8080-exec-2] org.hibernate.SQL                        : select au1_0.id,au1_0.company_name,au1_0.email,au1_0.experience,au1_0.full_name,au1_0.location,au1_0.password,au1_0.phone,au1_0.resume_path,au1_0.role,au1_0.skills,au1_0.username from app_users au1_0 where au1_0.email=? or au1_0.username=?
2026-05-05T22:16:49.771+05:30 DEBUG 48328 --- [Job Portal Management System] [nio-8080-exec-2] o.s.web.servlet.view.RedirectView        : View name [redirect:], model {}
2026-05-05T22:16:49.772+05:30 DEBUG 48328 --- [Job Portal Management System] [nio-8080-exec-2] o.s.web.servlet.DispatcherServlet        : Completed 302 FOUND
2026-05-05T22:16:49.776+05:30 DEBUG 48328 --- [Job Portal Management System] [nio-8080-exec-6] o.s.web.servlet.DispatcherServlet        : GET "/admin/dashboard", parameters={}
2026-05-05T22:16:49.777+05:30 DEBUG 48328 --- [Job Portal Management System] [nio-8080-exec-6] s.w.s.m.m.a.RequestMappingHandlerMapping : Mapped to com.arjun.jobportal.controller.MainController#adminDashboard(Model, Authentication)
2026-05-05T22:16:49.778+05:30 DEBUG 48328 --- [Job Portal Management System] [nio-8080-exec-6] org.hibernate.SQL                        : select au1_0.id,au1_0.company_name,au1_0.email,au1_0.experience,au1_0.full_name,au1_0.location,au1_0.password,au1_0.phone,au1_0.resume_path,au1_0.role,au1_0.skills,au1_0.username from app_users au1_0 where au1_0.email=? or au1_0.username=?
2026-05-05T22:16:49.780+05:30 DEBUG 48328 --- [Job Portal Management System] [nio-8080-exec-6] org.hibernate.SQL                        : select au1_0.id,au1_0.company_name,au1_0.email,au1_0.experience,au1_0.full_name,au1_0.location,au1_0.password,au1_0.phone,au1_0.resume_path,au1_0.role,au1_0.skills,au1_0.username from app_users au1_0 where au1_0.email=? or au1_0.username=?
2026-05-05T22:16:49.782+05:30 DEBUG 48328 --- [Job Portal Management System] [nio-8080-exec-6] org.hibernate.SQL                        : select au1_0.id,au1_0.company_name,au1_0.email,au1_0.experience,au1_0.full_name,au1_0.location,au1_0.password,au1_0.phone,au1_0.resume_path,au1_0.role,au1_0.skills,au1_0.username from app_users au1_0
2026-05-05T22:16:49.784+05:30 DEBUG 48328 --- [Job Portal Management System] [nio-8080-exec-6] org.hibernate.SQL                        : select j1_0.id,j1_0.active,j1_0.approval_status,j1_0.category,j1_0.description,j1_0.employer_id,j1_0.experience,j1_0.location,j1_0.posted_at,j1_0.salary,j1_0.skills_required,j1_0.title from job j1_0
2026-05-05T22:16:49.787+05:30 DEBUG 48328 --- [Job Portal Management System] [nio-8080-exec-6] org.hibernate.SQL                        : select j1_0.id,j1_0.active,j1_0.approval_status,j1_0.category,j1_0.description,j1_0.employer_id,j1_0.experience,j1_0.location,j1_0.posted_at,j1_0.salary,j1_0.skills_required,j1_0.title from job j1_0 where j1_0.approval_status=? order by j1_0.posted_at desc
2026-05-05T22:16:49.789+05:30 DEBUG 48328 --- [Job Portal Management System] [nio-8080-exec-6] org.hibernate.SQL                        : select ja1_0.id,ja1_0.applied_at,ja1_0.cover_note,ja1_0.job_id,ja1_0.resume_path,ja1_0.status,ja1_0.student_id from job_application ja1_0
2026-05-05T22:16:49.791+05:30 DEBUG 48328 --- [Job Portal Management System] [nio-8080-exec-6] o.s.w.s.v.ContentNegotiatingViewResolver : Selected 'text/html' given [text/html, application/xhtml+xml, image/avif, image/webp, image/apng, application/xml;q=0.9, */*;q=0.8, application/signed-exchange;v=b3;q=0.7]
2026-05-05T22:16:49.794+05:30 DEBUG 48328 --- [Job Portal Management System] [nio-8080-exec-6] o.s.web.servlet.DispatcherServlet        : Completed 200 OK
2026-05-05T22:16:49.809+05:30 DEBUG 48328 --- [Job Portal Management System] [nio-8080-exec-9] o.s.web.servlet.DispatcherServlet        : GET "/css/styles.css", parameters={}
2026-05-05T22:16:49.809+05:30 DEBUG 48328 --- [Job Portal Management System] [nio-8080-exec-4] o.s.web.servlet.DispatcherServlet        : GET "/js/app.js", parameters={}
2026-05-05T22:16:49.810+05:30 DEBUG 48328 --- [Job Portal Management System] [nio-8080-exec-9] o.s.w.s.handler.SimpleUrlHandlerMapping  : Mapped to ResourceHttpRequestHandler [classpath [META-INF/resources/], classpath [resources/], classpath [static/], classpath [public/], ServletContext [/]]
2026-05-05T22:16:49.810+05:30 DEBUG 48328 --- [Job Portal Management System] [nio-8080-exec-4] o.s.w.s.handler.SimpleUrlHandlerMapping  : Mapped to ResourceHttpRequestHandler [classpath [META-INF/resources/], classpath [resources/], classpath [static/], classpath [public/], ServletContext [/]]
2026-05-05T22:16:49.813+05:30 DEBUG 48328 --- [Job Portal Management System] [nio-8080-exec-4] o.s.web.servlet.DispatcherServlet        : Completed 200 OK
2026-05-05T22:16:49.813+05:30 DEBUG 48328 --- [Job Portal Management System] [nio-8080-exec-9] o.s.web.servlet.DispatcherServlet        : Completed 200 OK
2026-05-05T23:03:36.247+05:30  WARN 48328 --- [Job Portal Management System] [l-1 housekeeper] com.zaxxer.hikari.pool.HikariPool        : HikariPool-1 - Thread starvation or clock leap detected (housekeeper delta=1m11s569ms513µs700ns).
